,EPIC_ID,CAND,CAMP,t0,u_t0,U_t0,Ratio,u_Ratio,U_Ratio,b,u_b,U_b,Period,u_Period,U_period,Rad_x,u_Rad_x,U_Rad_x,MajAxis,u_MajAxis,U_MajAxis,tdur,Teff_x,u_Teff,logg_x,u_logg,FeH_x,u_FeH,SpT_x,R*,U_R*,u_R*,M*,U_M*,u_M*,Score,MULT,Flag,APOGEE_ID,apogee_teff,apogee_e_teff,apogee_logg,apogee_e_logg,apogee_fe_h,apogee_e_fe_h,apogee_vsini,apogee_c_fe,apogee_e_c_fe,apogee_o_fe,apogee_e_o_fe,apogee_na_fe,apogee_e_na_fe,apogee_mg_fe,apogee_e_mg_fe,apogee_al_fe,apogee_e_al_fe,apogee_si_fe,apogee_e_si_fe,apogee_s_fe,apogee_e_s_fe,apogee_ca_fe,apogee_e_ca_fe,apogee_ti_fe,apogee_e_ti_fe,GaiaDR3,Campaign,CDPP1,CDPP1_5,CDPP2,CDPP2_5,CDPP3,CDPP4,CDPP5,CDPP6,CDPP7,CDPP8,CDPP9,CDPP10,SpT_y,RUWE,Ncomp,Rad_y,U_Rad_y,u_Rad_y,Teff_y,U_Teff,logg_y,U_logg,Mass,U_Mass,FeH_y,U_FeH,limb1,limb2,d_mag,Planet_flag,survey,LAMOST_ID,medID,RA,Dec,lamost_teff,lamost_logg,lamost_fe_h,vmic,vmac,lamost_c_fe,NaFe,lamost_mg_fe,lamost_si_fe,lamost_ca_fe,lamost_ti_fe,lamost_e_teff,lamost_e_logg,lamost_e_fe_h,lamost_e_c_fe,Err_NaFe,lamost_e_mg_fe,lamost_e_si_fe,lamost_e_ca_fe,lamost_e_ti_fe,Err_CrFe,Err_MnFe,Err_CoFe,Err_NiFe,Err_CuFe,GALAH_ID,GaiaDR2,galah_teff,galah_e_teff,galah_logg,galah_e_logg,galah_fe_h,galah_e_fe_h,galah_alpha_fe,galah_e_alpha_fe,galah_li_fe,galah_e_li_fe,galah_c_fe,galah_e_c_fe,galah_o_fe,galah_e_o_fe,galah_na_fe,galah_e_na_fe,galah_mg_fe,galah_e_mg_fe,galah_al_fe,galah_e_al_fe,galah_zn_fe,galah_e_zn_fe,galah_si_fe,galah_e_si_fe,galah_ca_fe,galah_e_ca_fe,galah_ti_fe,galah_e_ti_fe
0,201155177,201155177.01,1,1981.672527,0.005206664,0.005952005,0.028500267,0.001076952,0.001181216,0.201207341,0.140024694,0.185654665,6.689040066,0.000870787,0.000796311,2.309274034,0.183862559,0.201568997,15.99729618,1.052599119,1.034526902,0.134334043,4443,138,4.624,0.15,-0.116,0.235, K5,0.742,0.057,0.052,0.844,0.383,0.262,0.872727273,0,KP,,,,,,,,,,,,,,,,,,,,,,,,,,,3599651986730350464,1,470.514,405.692,388.316,366.001,335.678,318.232,308.616,282.367,279.901,280.101,272.05,278.773,K5,1.0431823,0.0,0.742,0.057,0.052,4443,138,4.624,0.15,0.844,0.383,-0.116,0.235,0.674,0.0722,0.0,1,GALAH,,,,,,,,,,,,,,,,,,,,,,,,,,,,,,11463977-0510186,3.5996519867303506e+18,4687.1665,139.72468009679955,4.5833554,0.20398304135048442,-0.24164534,0.1303191506825476,0.23015238384751818,0.06334370967144487,0.09820194244384761,0.12861705698298065,,,1.0197276878356938,0.21399166639779255,-0.015079078674316015,0.11502753773669432,0.3155759811401371,0.1918372584079949,0.40640577316284165,0.11870944741594779,0.1668962637480868,0.2133797281096682,0.17848852157592798,0.11309710982165158,0.13374835968017607,0.12771781816901448,0.32253677500323746,0.11005127729344356
0,201173390,201173390.01,1,1983.427095,0.000633007,0.000624728,0.182038073,0.000976421,0.000853308,0.43262064,0.028254726,0.022845611,16.99648987,0.000247402,0.000229994,51.12765007,3.588634281,4.022614355,11.43165028,0.134224854,0.156968333,0.521405027,4793,138,3.725,0.15,0.173,0.235, G5,2.572,0.202,0.18,1.279,0.575,0.4,0.886792453,0,FP,2M11163909-0444066,4820.69,10.591046,3.9145005,0.025296513,0.020627,0.008724064,9.066507,0.016262002,0.014741738,0.042838,0.020730432,0.265525,0.0670813,0.034058005,0.012553688,0.061413996,0.024510138,-0.025757398,0.015832623,0.12963101,0.040162038,0.086223006,0.015621946,0.15400118,0.024162216,3786768456093015552,1,776.236,743.873,692.855,768.814,761.89,808.509,830.177,863.626,842.317,875.318,858.877,881.231,G5,1.0740514,0.0,2.572,0.202,0.18,4793,138,3.725,0.15,1.279,0.575,0.173,0.235,0.6323,0.1124,0.0,1,APOGEE,,,,,,,,,,,,,,,,,,,,,,,,,,,,,,,,,,,,,,,,,,,,,,,,,,,,,,,,,,,
1,201390608,201390608.01,1,1979.482647,0.000807087,0.000851738,0.09199251,0.001050536,0.000933376,0.844667972,0.010618702,0.008376313,4.906776177,9.07e-05,8.91e-05,8.277559644,0.240370123,0.245839363,6.422701759,0.155720907,0.195340206,0.168629298,5178,49,4.648,0.08,0.096,0.047, K0,0.824,0.023,0.022,1.111,0.231,0.198,0.830188679,0,FP,2M11333790-0106125,5074.4478,19.96783,4.542112,0.024740105,-0.019065,0.008627904,5.519249,-0.115601994,0.024142083,0.0569439,0.030230593,0.17586559,0.104012705,0.023228506,0.01608446,0.10094301,0.024197714,0.014524,0.017186048,0.0659565,0.06327573,-0.027871996,0.016035873,-0.093128,0.045765292,3794100171425155072,1,448.539,664.919,558.287,607.535,662.311,672.568,558.883,501.711,532.181,527.128,496.612,464.741,K0,1.217967,0.0,0.824,0.023,0.022,5178,49,4.648,0.08,1.111,0.231,0.096,0.047,0.5167,0.1914,0.0,1,APOGEE,,,,,,,,,,,,,,,,,,,,,,,,,,,,,,,,,,,,,,,,,,,,,,,,,,,,,,,,,,,
76,201390927,201390927.01,10,2750.342675,0.003467912,0.003215631,0.02962807,0.001799693,0.001800243,0.683446134,0.172564066,0.10788307,2.637828859,0.000210563,0.0002261,4.401920161,0.56008635,0.615757681,8.960224369,1.342557348,1.386504033,0.07225273,4087,138,4.543,0.15,-0.235,0.235, K7,1.127,0.142,0.126,1.616,0.837,0.557,0.96,0,PC,2M12182054-0105557,4221.827,11.456048,4.5956135,0.024325898,-0.036823,0.0111896945,3.55574,0.010614999,0.01577505,-0.060322095,0.014092337,,,-0.08547349,0.018190889,,,-0.073469,0.018622024,,,-0.06686799,0.01753362,-0.187953,0.026558582,3695020464226211072,10,417.12,366.61,321.264,298.11,304.837,275.283,256.716,244.93,239.038,228.359,229.533,211.676,K7,1.2741904,1.0,1.127,0.142,0.126,4087,138,4.543,0.15,1.616,0.837,-0.235,0.235,0.4639,0.2589,0.849214,1,APOGEE,,,,,,,,,,,,,,,,,,,,,,,,,,,,,,,,,,,,,,,,,,,,,,,,,,,,,,,,,,,
2,201393098,201393098.01,1,1991.605829,0.005237909,0.005743545,0.02361029,0.000708318,0.001030896,0.366129317,0.257007532,0.267325972,28.68952747,0.004236618,0.005119435,4.254102052,0.280771971,0.330441229,26.90838543,4.471504886,1.9804806,0.324478241,5701,138,4.123,0.15,0.098,0.235, G6,1.65,0.106,0.097,1.317,0.585,0.404,0.924528302,0,KP,,,,,,,,,,,,,,,,,,,,,,,,,,,3803494845449564672,1,148.367,145.681,136.923,124.724,119.639,112.079,102.792,96.298,92.745,97.332,95.343,89.833,G6,1.0009264,0.0,1.65,0.106,0.097,5701,138,4.123,0.15,1.317,0.585,0.098,0.235,0.4245,0.2385,0.0,1,GALAH,,,,,,,,,,,,,,,,,,,,,,,,,,,,,,11082249-0103565,3.8034948454495647e+18,5545.858,102.75399614579794,3.9536726,0.18564496985434403,-0.3975463,0.09313863843978264,0.1917384110975483,0.04558638561211974,0.7879349708557128,0.10212852879583095,0.3793166160583503,0.14674943631897838,0.4139108467102055,0.15849567566855735,0.09403079986572305,0.07064396399824364,0.17348375320434606,0.10437540533327941,0.2112377548217772,0.08580087571567983,0.43986020472373843,0.1332927936871375,0.20567920684814478,0.07443920183113834,0.1554377746582034,0.09217838627558944,0.22934730838184123,0.10468154422314545
2,201403446,201403446.01,1,1982.337617,0.005066159,0.005973463,0.016263317,0.00039163,0.000399066,0.226353492,0.159660338,0.195268733,19.15328187,0.002963152,0.002855502,2.431281322,0.142251353,0.152457566,20.81186282,1.406976996,0.722690561,0.290338019,6339,138,4.183,0.15,-0.548,0.235, F6,1.369,0.079,0.073,1.04,0.446,0.316,0.87037037,0,KP,2M11370392-0054262,6115.157,54.35019,4.110239,0.037937343,-0.36091,0.009700626,6.215986,-0.07220599,0.08919542,0.0715709,0.19451188,-0.2005164,0.34665677,0.10519451,0.018598286,0.082355976,0.02305357,0.13319701,0.020984843,-0.11077851,0.074761435,-0.10615599,0.023596076,-0.10340899,0.14630808,3794162976731206272,1,62.189,64.635,63.692,64.984,71.781,59.923,56.932,57.689,57.609,60.661,57.814,56.717,F6,0.95552087,0.0,1.369,0.079,0.073,6339,138,4.183,0.15,1.04,0.446,-0.548,0.235,0.3069,0.2998,0.0,1,APOGEE,,,,,,,,,,,,,,,,,,,,,,,,,,,,,,,,,,,,,,,,,,,,,,,,,,,,,,,,,,,
77,201456770,201456770.01,10,2753.039304,0.006925214,0.007061583,0.025800493,0.001326925,0.001491957,0.609380678,0.168552356,0.112035314,8.006875495,0.001314439,0.001370544,2.383532105,0.188874285,0.209500836,20.1894296,2.234960905,2.232555461,0.104197854,5403,138,4.538,0.15,-0.047,0.235, G8,0.846,0.056,0.051,0.904,0.395,0.272,0.94,0,PC,2M12224737-0007187,5318.535,27.462368,4.5228086,0.03131128,-0.31332,0.010267041,2.6348748,0.12482001,0.038563967,0.14310291,0.051550742,-1.4064165,0.17913277,0.28233853,0.017828895,0.32887122,0.023848314,0.16413602,0.018742828,0.17393252,0.07205795,0.098986,0.019866614,0.08131902,0.06715081,3695198825629528960,10,320.865,263.485,225.003,217.697,204.832,184.941,164.763,186.262,168.609,195.993,147.58,156.806,G8,1.032226,0.0,0.846,0.056,0.051,5403,138,4.538,0.15,0.904,0.395,-0.047,0.235,0.5112,0.1728,0.0,1,APOGEE,,,,,,,,,,,,,,,,,,,,,,,,,,,,,,,,,,,,,,,,,,,,,,,,,,,,,,,,,,,
3,201472593,201472593.01,1,1985.588939,0.014558663,0.017975935,0.017212934,0.000393827,0.000376684,0.166730059,0.12042961,0.18295265,15.93370893,0.007986595,0.006300551,2.447307415,0.139543241,0.147296074,6.628019519,0.413410036,0.305003925,0.77082287,6490,138,4.201,0.15,-0.14,0.235, F3,1.302,0.073,0.068,0.989,0.415,0.299,0.87037037,0,FP,2M11231451+0006383,6139.751,41.06714,3.9748018,0.025887055,-0.19909,0.006185556,11.746271,0.0013110042,0.057587944,0.28248292,0.119926825,-0.19506639,0.21124572,-0.056423485,0.012909279,-0.036113992,0.013977171,0.13700001,0.013543876,0.15993251,0.04771109,-0.14122799,0.013912148,-0.407871,0.09958698,3797911250525898624,1,78.218,109.791,103.73,112.073,98.516,88.813,85.547,84.91,89.713,94.932,83.511,80.204,F3,0.79087156,0.0,1.302,0.073,0.068,6490,138,4.201,0.15,0.989,0.415,-0.14,0.235,0.3239,0.2723,0.0,1,APOGEE,,,,,,,,,,,,,,,,,,,,,,,,,,,,,,,,,,,,,,,,,,,,,,,,,,,,,,,,,,,
0,201505350,201505350.01,1,1984.278262,0.00087337,0.000824088,0.043956901,0.000357048,0.000365612,0.08535699,0.059441994,0.090751903,11.90744426,0.000214517,0.000220152,3.806474216,0.100857973,0.105657071,25.26184542,0.33099239,0.217222907,0.15615378,5481,31,4.726,0.051,0.216,0.029, G8,0.793,0.021,0.02,1.223,0.169,0.152,0.777777778,0,KP,,,,,,,,,,,,,,,,,,,,,,,,,,,3798833775141351552,1,266.912,245.808,266.315,274.613,296.502,228.049,288.149,243.476,173.285,272.645,194.777,302.905,G8,1.0481037,0.0,0.793,0.021,0.02,5481,31,4.726,0.051,1.223,0.169,0.216,0.029,0.4695,0.224,0.0,1,LAMOST,LAMOST J113950.47+003612.8,20171231kp2_01_10107216_v2.9.7,174.96032,0.6035748,5246.5,4.511,0.032,1.817,7.756,-0.08,-0.092,0.015,-0.018,-0.01,0.023,38.03,0.027,0.055,0.128,0.093,0.036,0.063,0.039,0.034,0.032,0.086,0.068,0.026,0.086,,,,,,,,,,,,,,,,,,,,,,,,,,,,,,
4,201546283,201546283.01,1,1979.844616,0.00047464,0.000493552,0.054877459,0.006423011,0.000583707,0.843159186,0.317048001,0.011638533,6.771354335,0.000128791,7.98e-05,5.134293809,0.677219601,0.328837627,10.43631818,0.349717415,5.887106123,0.131001794,5358,138,4.539,0.15,0.22,0.235, K1,0.855,0.054,0.052,0.918,0.423,0.279,0.942307692,0,KP,,,,,,,,,,,,,,,,,,,,,,,,,,,3798552815560689792,1,133.904,97.398,103.577,109.953,94.139,90.059,84.599,82.471,76.761,76.658,80.006,72.422,K1,0.9404594,1.0,0.855,0.054,0.052,5358,138,4.539,0.15,0.918,0.423,0.22,0.235,0.5256,0.186,5.956485,1,GALAH,,,,,,,,,,,,,,,,,,,,,,,,,,,,,,11260363+0113505,3.7985528155606897e+18,5241.4204,82.8201489247632,4.4854374,0.18066506491693893,0.1472969,0.05981166532333495,0.04378361329380374,0.03449043710374067,,,,,-0.014075775146483949,0.1112133695829215,0.019936504364014063,0.041844021909853375,0.0416082382202152,0.055801022163601305,0.1618612670898436,0.057731109111390316,-0.052128706386400686,0.07613105423532354,0.04606464385986353,0.047373074648363114,,,-0.040179399084598645,0.03979060792876073
1,201613023,201613023.01,1,1982.372171,0.004584417,0.004276353,0.019199613,0.000345713,0.000395445,0.19088337,0.129786849,0.14338368,8.282469083,0.000696708,0.000798366,2.38383163,0.069382752,0.073363353,15.44533512,0.482132301,0.430217349,0.171010538,5697,20,4.354,0.033,-0.016,0.018, F9,1.137,0.026,0.026,1.066,0.098,0.092,0.905660377,0,KP,,,,,,,,,,,,,,,,,,,,,,,,,,,3800129201701685504,1,84.939,88.355,91.39,82.339,87.597,83.092,86.879,81.032,81.066,75.613,73.4,68.645,F9,0.844888,0.0,1.137,0.026,0.026,5697,20,4.354,0.033,1.066,0.098,-0.016,0.018,0.4264,0.2334,0.0,1,LAMOST,LAMOST J113246.08+021441.5,20171231kp2_01_10104183_v2.9.7,173.19204,2.2448837,5560.45,4.286,-0.104,2.428,7.47,0.063,-0.02,0.12,0.027,0.075,0.074,27.5,0.029,0.035,0.111,0.089,0.033,0.038,0.04,0.026,0.023,0.082,0.066,0.021,0.083,,,,,,,,,,,,,,,,,,,,,,,,,,,,,,
52,201615463,201615463.01,10,2753.765266,0.010130498,0.011769938,0.013809472,0.000504782,0.000500951,0.306564811,0.161074607,0.11823206,8.5275183,0.002253634,0.002223733,2.384139055,0.103479356,0.102922953,11.40514958,0.405769696,0.351282707,0.23026407,6047,18,4.06,0.03,-0.051,0.017, F2,1.581,0.037,0.037,1.046,0.09,0.082,0.88,0,KP,,,,,,,,,,,,,,,,,,,,,,,,,,,3701015375282968064,10,80.342,86.463,81.092,78.995,78.946,73.7,77.322,79.104,79.576,77.958,75.703,84.339,F2,1.0108443,0.0,1.581,0.037,0.037,6047,18,4.06,0.03,1.046,0.09,-0.051,0.017,0.3469,0.291,0.0,1,LAMOST,LAMOST J122045.18+021656.7,20180125HIP60544K20115057_v2.9.7,185.18829,2.282436,5814.51,3.987,-0.152,2.452,8.274,0.135,0.079,0.059,0.059,0.053,0.045,27.57,0.035,0.036,0.111,0.089,0.036,0.038,0.04,0.029,0.025,0.082,0.066,0.023,0.083,,,,,,,,,,,,,,,,,,,,,,,,,,,,,,
84,201639576,201639576.01,14,3077.083781,0.003536399,0.002989432,0.028384163,0.00122463,0.001190464,0.202811718,0.137594783,0.186071547,7.655532693,0.000588796,0.00068173,2.3277625,0.184673782,0.196451632,19.34547697,1.095768399,0.875063434,0.127052746,5114,138,4.687,0.15,-0.144,0.235, K0,0.751,0.055,0.05,1.004,0.455,0.308,0.843137255,0,PC,,,,,,,,,,,,,,,,,,,,,,,,,,,3814562254616772864,14,463.718,407.017,393.843,352.736,322.955,301.659,301.329,270.126,259.073,257.414,260.891,248.062,K0,0.9738471,0.0,0.751,0.055,0.05,5114,138,4.687,0.15,1.004,0.455,-0.144,0.235,0.5575,0.1611,0.0,1,GALAH,,,,,,,,,,,,,,,,,,,,,,,,,,,,,,11041448+0239210,3.8145622546167726e+18,4973.8027,132.69498549400288,4.549046,0.19943820884797198,-0.24319506,0.11364263049152436,0.18360581304884072,0.06779355391892904,0.19832367897033687,0.1225284832388653,,,0.2438220787048344,0.20053614094916794,-0.03518634796142539,0.10333576862968454,0.17269887924194371,0.16771233889482906,0.2623718643188475,0.11073326040743127,0.11968568801879886,0.24434053540890963,0.14790132522583033,0.10314370721728719,-0.07805603027343722,0.11903357291409036,0.2715581149871465,0.09893182953074722
85,201696891,201696891.01,14,3080.481263,0.008582056,0.007493632,0.024204126,0.001119073,0.00166774,0.330469161,0.225706368,0.274742816,11.74913342,0.001817803,0.002000451,1.974388648,0.162798756,0.202989122,23.08389532,3.434229547,2.178050645,0.15710452,4504,138,4.555,0.15,-0.005,0.235, K5,0.747,0.057,0.051,0.732,0.332,0.227,0.846153846,0,LPPC,,,,,,,,,,,,,,,,,,,,,,,,,,,3814886747985806336,14,283.611,268.572,236.538,224.217,217.586,201.615,205.261,193.752,190.606,188.564,176.062,172.47,K5,1.0546731,0.0,0.747,0.057,0.051,4504,138,4.555,0.15,0.732,0.332,-0.005,0.235,0.6782,0.068,0.0,1,GALAH,,,,,,,,,,,,,,,,,,,,,,,,,,,,,,11014579+0335136,3.8148867479858063e+18,4635.5034,120.22944230898028,4.571068,0.19465894174870324,0.05028248,0.1127623196137373,0.09734819786646169,0.07021092576297583,-0.5749117612838746,0.12599599371595954,,,0.31501052856445355,0.20814999995330652,-0.22426610946655234,0.10988224106936276,0.18532695770263707,0.1888829916715622,0.11150440216064439,0.11524681079440313,0.15059617996215824,0.26030874446402097,0.07328060150146509,0.10873342126406797,0.11937648773193388,0.12394286317711133,-0.09564206898052491,0.11486625775720861
2,201828749,201828749.01,1,1980.152684,0.003034716,0.00563211,0.022462369,0.000790324,0.000797122,0.652527996,0.118571563,0.093819975,33.5123564,0.003435263,0.002521898,2.595373239,0.170303515,0.181866251,45.10239105,5.40065479,4.89519061,0.186185595,5808,138,4.421,0.15,0.055,0.235, G2,0.993,0.06,0.055,0.947,0.414,0.29,0.813559322,0,FP,,,,,,,,,,,,,,,,,,,,,,,,,,,3909309851641800704,1,52.198,47.342,43.646,42.982,41.159,38.903,37.537,35.669,33.546,33.106,32.396,31.047,G2,0.95147705,1.0,0.993,0.06,0.055,5808,138,4.421,0.15,0.947,0.414,0.055,0.235,0.4096,0.2602,2.17104,1,LAMOST,LAMOST J114237.04+055339.4,20180102kp2_01_70109159_v2.9.7,175.65434,5.894297,5393.1,4.34,-0.083,0.948,5.955,-0.026,-0.007,-0.019,-0.04,0.023,-0.04,51.28,0.033,0.071,0.147,0.107,0.047,0.084,0.045,0.046,0.042,0.094,0.083,0.032,0.092,,,,,,,,,,,,,,,,,,,,,,,,,,,,,,
5,202821899,202821899.01,2,2062.687958,0.004073605,0.003517984,0.032840623,0.00202572,0.002990726,0.925536735,0.03555239,0.028338513,4.474516679,0.00042331,0.000387113,7.75335582,0.688220232,0.900850621,6.707786233,1.236636389,0.939183187,0.097411807,6289,138,4.104,0.151,-0.25,0.198, F5,2.162,0.156,0.138,2.166,0.972,0.685,0.886792453,0,LPPC,,,,,,,,,,,,,,,,,,,,,,,,,,,6044406710890711552,2,271.713,277.534,273.771,287.458,289.722,268.306,263.766,246.695,229.251,231.487,215.154,205.914,,,,0.981,0.172,0.173,5744,290,4.42,0.105,0.921,0.07,-0.302,0.36,0.3935,0.2523,0.0,1,GALAH,,,,,,,,,,,,,,,,,,,,,,,,,,,,,,16363840-2814205,6.044406710890711e+18,6128.901,89.54263659759788,3.904022,0.1946692753217754,0.30390215,0.07758638320091642,-0.08431777181779805,0.04712215525843327,0.6712922573089599,0.0942940657123913,-0.055745792388915305,0.13639104089921297,-0.22061922073364215,0.14367394736069175,0.10442298889160195,0.06062762743283036,-0.10064516067504847,0.08650206839775448,-0.03493610382080092,0.07700568931224155,-0.028389754690645797,0.11405865662446957,-0.06577465057373022,0.06528886550117827,0.13423473358154325,0.08283061340521622,-0.040333853559547925,0.08934719036079887
4,202900527,202900527.01,2,2072.757837,0.001226972,0.001032091,0.095829617,0.001419046,0.002594533,0.372831666,0.238166152,0.183580021,13.00841536,0.00029122,0.000282358,18.02003117,1.049553364,1.221385716,19.74426286,1.95061392,1.307908927,0.216202299,5765,138,4.003,0.151,-0.145,0.198, G3,1.722,0.107,0.097,1.085,0.47,0.329,0.884615385,0,FP,2M16271467-2757252,5324.18,18.897934,4.156477,0.018267946,0.19966,0.005604235,12.094836,0.015947193,0.019863294,0.03562489,0.028933635,0.22747362,0.07505015,0.026081502,0.012039673,0.25214598,0.016736694,0.058052987,0.012693767,-0.0992795,0.043742284,-0.0019250065,0.010661319,-0.08975901,0.040386528,6044346718786094592,2,1237.126,1248.684,1193.341,1147.22,1295.212,1234.796,1179.048,1297.814,1259.526,1330.652,1098.967,1170.042,,,,1.859,0.037,0.421,5917,284,3.94,0.244,1.103,0.172,-0.243,0.24,0.3434,0.2918,0.0,1,APOGEE,,,,,,,,,,,,,,,,,,,,,,,,,,,,,,,,,,,,,,,,,,,,,,,,,,,,,,,,,,,
5,203826436,203826436.01,2,2065.855222,0.000688334,0.000785401,0.028326043,0.000373582,0.000624001,0.251589797,0.182837401,0.192758093,6.429480116,0.000122362,0.000125683,2.585918457,0.173510987,0.185286921,17.55853162,1.28098064,0.517446617,0.116278378,5009,138,4.611,0.15,0.048,0.235, G9,0.836,0.057,0.055,1.034,0.468,0.323,0.901960784,0,KP,2M16134824-2447132,5308.8604,19.605461,4.519568,0.020189706,-0.070778,0.0062354105,1.5120634,-0.120887,0.022560462,0.0399859,0.029215034,-0.22555842,0.09569398,0.0329055,0.012090973,0.072935,0.014811091,0.041431993,0.012023118,0.046786502,0.044804003,-0.02775,0.011303929,-0.162438,0.042569265,6049595065740634624,2,78.379,68.099,73.152,63.27,67.965,66.637,67.44,68.252,62.712,65.793,65.479,66.197,G9,0.9753908,0.0,0.836,0.057,0.055,5009,138,4.611,0.15,1.034,0.468,0.048,0.235,0.562,0.1694,0.0,1,APOGEE,,,,,,,,,,,,,,,,,,,,,,,,,,,,,,,,,,,,,,,,,,,,,,,,,,,,,,,,,,,
87,204193529,204193529.01,15,3159.017668,0.002638643,0.00305346,0.08282775,0.002219852,0.002307398,0.221880435,0.152432175,0.200489675,5.505687311,0.00031672,0.000284384,11.9391232,0.782912074,0.85429951,11.20306641,0.768858123,0.35298849,0.166042663,5264,138,4.398,0.15,0.198,0.235, G8,1.32,0.087,0.079,1.59,0.701,0.476,0.555555556,0,LPPC,,,,,,,,,,,,,,,,,,,,,,,,,,,6237344819440751616,2,1086.512,1339.761,901.895,904.084,1347.231,548.769,547.843,491.75,549.792,579.38,672.322,543.628,G8,1.5871174,0.0,1.32,0.087,0.079,5264,138,4.398,0.15,1.59,0.701,0.198,0.235,0.5256,0.186,0.0,1,GALAH,,,,,,,,,,,,,,,,,,,,,,,,,,,,,,15561171-2317481,6.237344819440752e+18,5444.5767,73.6946232079904,4.116561,0.17858869097743157,0.08936787,0.04716893590290336,0.10242833823608075,0.015106051068872613,,,,,0.4039597320556645,0.06281892478745563,0.3008856201171879,0.024182625328863696,0.13740530014038121,0.03311210161122487,0.16279396057128892,0.028936637083738854,0.1395141621982812,0.035495988008031214,0.11826160430908228,0.02831690682704143,0.24632389068603544,0.03388873723947347,-0.028414698044328033,0.027193083469541232
7,204750116,204750116.01,2,2065.832621,0.001270358,0.001857993,0.025319699,0.000451075,0.000654453,0.32826436,0.214767899,0.197197413,23.44817242,0.000995627,0.000766152,2.905921643,0.176426025,0.194783658,30.65427992,2.962168887,1.484987289,0.236546734,5561,138,4.313,0.15,-0.021,0.235, G4,1.051,0.065,0.061,0.823,0.369,0.25,0.745098039,0,PC,2M15551673-2101367,5787.6704,28.00571,4.366919,0.021023003,-0.036932,0.0055381884,1.5109497,-0.063633,0.033795502,0.0435789,0.05917191,-0.045554407,0.12661937,0.0031675026,0.01175603,0.079475,0.013681642,0.0689514,0.012125173,-0.091285504,0.04258351,-0.009157002,0.0113510685,-0.378273,0.06313656,6246622017519183616,2,94.414,86.133,85.879,76.927,73.665,70.767,66.261,69.409,65.077,56.409,61.487,58.354,G4,,1.0,1.051,0.065,0.061,5561,138,4.313,0.15,0.823,0.369,-0.021,0.235,0.4906,0.1813,,1,APOGEE,,,,,,,,,,,,,,,,,,,,,,,,,,,,,,,,,,,,,,,,,,,,,,,,,,,,,,,,,,,
8,204914585,204914585.01,2,2062.170925,0.005532167,0.006634292,0.018168932,0.000426054,0.000468155,0.220951808,0.149097706,0.196466571,18.36494902,0.002171526,0.0020973,2.422521844,0.148217615,0.16687018,23.4334368,1.475574876,1.036129099,0.248015765,5725,138,4.315,0.15,-0.093,0.235, G4,1.221,0.078,0.069,1.126,0.5,0.339,0.9,0,PC,2M16081391-2017182,5803.176,29.095375,4.2121987,0.02168446,-0.017008,0.005718743,1.5159678,-0.029672,0.03540217,0.1157759,0.06383954,0.17154261,0.13108708,0.054787606,0.012213787,0.166204,0.014609778,0.081912994,0.012807301,0.0326325,0.0444988,0.017553004,0.011938101,-0.257738,0.06631183,6244117639267067008,2,90.73,71.357,72.153,64.728,59.674,52.767,50.016,43.865,39.858,38.915,36.72,36.323,G4,1.0498239,0.0,1.221,0.078,0.069,5725,138,4.315,0.15,1.126,0.5,-0.093,0.235,0.4124,0.2427,0.0,1,APOGEE,,,,,,,,,,,,,,,,,,,,,,,,,,,,,,,,,,,,,,,,,,,,,,,,,,,,,,,,,,,
9,205071984,205071984.01,2,2067.930332,0.002582318,0.001204628,0.057258864,0.00204723,0.003489116,0.52838499,0.332057121,0.202422761,8.991212344,0.000246841,0.000517918,5.200187645,0.363960729,0.463249699,17.27130416,3.096397449,2.522058931,0.151818896,5313,138,4.575,0.15,0.007,0.235, G7,0.831,0.054,0.05,0.953,0.417,0.287,0.865384615,0,KP,2M16494226-1932340,5304.0293,21.779436,4.5173526,0.022799067,0.0014397996,0.0072339205,1.5022423,-0.052261896,0.025756039,0.05989,0.035867628,-0.07850621,0.10629368,0.0800526,0.014156877,0.1115162,0.019508595,0.0362741,0.014907723,0.035147604,0.05395776,-0.002520902,0.0138079785,0.0946851,0.04915753,4130539180358512768,2,126.617,123.282,102.323,96.714,93.068,90.218,86.866,86.856,76.663,40.384,36.141,36.597,G7,0.96127015,1.0,0.831,0.054,0.05,5313,138,4.575,0.15,0.953,0.417,0.007,0.235,0.5204,0.1796,6.97272,1,APOGEE,,,,,,,,,,,,,,,,,,,,,,,,,,,,,,,,,,,,,,,,,,,,,,,,,,,,,,,,,,,
11,205916793,205916793.01,3,2149.931644,0.004646095,0.003929322,0.025335638,0.001342924,0.00147186,0.47593592,0.261667581,0.175260698,9.785418152,0.001165098,0.001041569,1.79002363,0.160968479,0.173060439,26.30521018,2.833925892,2.838905091,0.107559283,3961,138,4.607,0.15,-0.27,0.235, K7,0.647,0.05,0.047,0.617,0.285,0.194,0.763636364,0,KP,2M22321299-1732384,4127.606,9.696683,4.609829,0.021221094,-0.043346,0.009809725,2.4061904,-0.0073130988,0.013200204,-0.0568981,0.011519756,,,-0.1536475,0.015950684,,,-0.07971299,0.015741238,,,-0.037198994,0.014691659,-0.156755,0.02180063,2594546351459477760,3,203.339,174.749,151.306,139.876,134.353,133.99,125.473,123.625,121.91,118.046,112.818,112.135,K7,1.0436308,0.0,0.647,0.05,0.047,3961,138,4.607,0.15,0.617,0.285,-0.27,0.235,0.4575,0.246,0.0,1,APOGEE,,,,,,,,,,,,,,,,,,,,,,,,,,,,,,,,,,,,,,,,,,,,,,,,,,,,,,,,,,,
12,205924614,205924614.01,3,2144.72463,0.000345833,0.000385501,0.06905392,0.012800343,0.000660036,0.883723594,0.41701246,0.005679418,2.849254259,2.89e-05,2.63e-05,5.429295406,1.072098448,0.410490658,5.544417543,0.114271574,4.63328222,0.098600903,4187,138,4.597,0.15,-0.037,0.235, K7,0.72,0.054,0.049,0.744,0.333,0.228,0.921568627,0,KP,2M22150046-1715025,4454.1157,9.111466,4.5822587,0.015208378,0.12385,0.0060681584,1.5262651,0.042953,0.009763293,-0.016190112,0.008750513,,,-0.054391503,0.01117645,,,0.008471981,0.010652294,,,0.024624988,0.009188127,0.01709199,0.018207029,6825931948041984256,3,178.757,150.319,145.998,111.576,107.053,92.113,77.944,80.789,74.719,73.383,75.137,75.183,K7,1.0200028,0.0,0.72,0.054,0.049,4187,138,4.597,0.15,0.744,0.333,-0.037,0.235,0.8668,-0.0462,0.0,1,APOGEE,,,,,,,,,,,,,,,,,,,,,,,,,,,,,,,,,,,,,,,,,,,,,,,,,,,,,,,,,,,
13,205943325,205943325.01,3,2151.276786,0.004292399,0.004829115,0.014202976,0.000450439,0.000448753,0.375292886,0.218691665,0.196172015,27.27019145,0.003438042,0.003221614,2.500155546,0.167321919,0.175438042,26.87882851,3.003204549,1.719111249,0.304344503,6171,138,4.129,0.15,-0.077,0.235, F8,1.612,0.101,0.095,1.275,0.552,0.389,0.843137255,0,PC,2M22135515-1635354,6056.8306,40.833904,4.0459676,0.027929205,-0.32674,0.006921861,9.25401,0.012098998,0.059453286,0.10972291,0.114999175,0.2839736,0.23200397,0.025203496,0.013675852,0.11720601,0.014705399,0.13913,0.014174837,-0.008916497,0.051633086,-0.022147,0.015188128,-0.389501,0.10027296,6826206031379774720,3,61.192,48.499,48.948,44.446,41.362,36.62,34.273,32.385,30.313,29.687,26.872,27.543,F8,0.99223506,0.0,1.612,0.101,0.095,6171,138,4.129,0.15,1.275,0.552,-0.077,0.235,0.3448,0.2668,0.0,1,APOGEE,,,,,,,,,,,,,,,,,,,,,,,,,,,,,,,,,,,,,,,,,,,,,,,,,,,,,,,,,,,
14,205944181,205944181.01,3,2146.340574,0.000930344,0.000948879,0.04149727,0.005617391,0.006402241,0.984195065,0.011608784,0.010563379,2.475582768,6.2e-05,6.14e-05,3.860839605,0.573298038,0.649246191,5.845150831,0.332099174,0.44305857,0.045956875,5266,138,4.568,0.15,0.119,0.235, G8,0.852,0.057,0.052,0.985,0.436,0.306,0.921568627,0,PC,2M22154198-1633487,5175.589,17.516428,4.512131,0.019571459,-0.055882,0.006304431,1.5002029,0.045755997,0.01977559,0.0505949,0.023703475,0.1448696,0.08555695,0.18768352,0.012038774,0.24999803,0.015008091,0.12069599,0.011870914,0.0886675,0.044686254,0.033611,0.01107066,0.085434005,0.03751233,6826042272867174912,3,98.899,95.384,81.835,72.705,72.295,66.716,64.635,65.221,64.346,61.177,61.561,56.71,G8,0.9451291,0.0,0.852,0.057,0.052,5266,138,4.568,0.15,0.985,0.436,0.119,0.235,0.5167,0.1914,0.0,1,APOGEE,,,,,,,,,,,,,,,,,,,,,,,,,,,,,,,,,,,,,,,,,,,,,,,,,,,,,,,,,,,
15,205950854,205950854.01,3,2157.889614,0.004005701,0.004524245,0.020674268,0.000759149,0.000900502,0.47002603,0.251143037,0.167437567,15.85386311,0.002202335,0.001744492,2.000260238,0.142327913,0.155404348,29.02367241,3.447291682,2.784517985,0.157556281,5507,138,4.436,0.15,0.069,0.235, G4,0.886,0.057,0.054,0.786,0.34,0.242,0.94,0,KP,2M22122638-1620301,5484.094,26.064304,4.4945855,0.024915202,-0.10859,0.0074914964,1.5074745,0.023143,0.03287717,0.1558129,0.049497783,-0.089686416,0.13616845,0.069863506,0.014500955,0.143885,0.018888734,0.044661,0.015251995,0.013563499,0.055600487,-0.005177997,0.014824566,0.008959003,0.06058892,6826271727199243264,3,114.726,99.052,93.93,88.722,80.551,74.818,75.172,70.112,69.279,67.221,63.22,61.669,G4,1.0304711,0.0,0.886,0.057,0.054,5507,138,4.436,0.15,0.786,0.34,0.069,0.235,0.4603,0.2291,0.0,1,APOGEE,,,,,,,,,,,,,,,,,,,,,,,,,,,,,,,,,,,,,,,,,,,,,,,,,,,,,,,,,,,
16,205957328,205957328.01,3,2148.585041,0.002997458,0.005143325,0.021890887,0.000988712,0.001139062,0.519216028,0.242386604,0.158263938,14.3523671,0.001403412,0.00137049,1.905216434,0.147277437,0.157133728,32.6674538,3.884861838,3.423600452,0.123103642,5300,138,4.63,0.15,0.053,0.235, G9,0.797,0.051,0.05,0.981,0.438,0.299,0.882352941,0,PC,2M22393657-1607471,5300.065,20.595804,4.555268,0.021213379,0.052009,0.0066737523,3.566728,-0.201273,0.023529725,0.6990699,0.0326919,0.29577464,0.09537884,0.038646504,0.013340307,0.036827996,0.018218614,0.0704381,0.013951979,-0.1453205,0.05010177,-0.015947003,0.012623896,0.018087,0.04560092,2596428230034688896,3,107.315,102.286,89.426,82.851,83.111,76.883,69.901,68.147,71.813,68.759,66.665,62.033,G9,0.92468446,0.0,0.797,0.051,0.05,5300,138,4.63,0.15,0.981,0.438,0.053,0.235,0.5167,0.1914,0.0,1,APOGEE,,,,,,,,,,,,,,,,,,,,,,,,,,,,,,,,,,,,,,,,,,,,,,,,,,,,,,,,,,,
17,205979483,205979483.01,3,2145.155516,0.002478449,0.002855745,0.016581215,0.000615573,0.000636658,0.22608694,0.157003778,0.202332428,12.4283874,0.001221017,0.001237264,1.473884304,0.107337985,0.112972542,25.31780763,1.681468859,1.007859459,0.154909036,5414,138,4.595,0.15,-0.028,0.235, G7,0.814,0.054,0.051,0.945,0.425,0.288,0.6,0,LPPC,2M22401830-1526112,5315.149,27.913664,4.5065813,0.03228723,-0.36878,0.010624254,1.5104628,-0.026959002,0.040035427,0.17363289,0.052530605,0.23637359,0.19007714,0.12326449,0.018110009,0.131036,0.023769042,0.097831994,0.018898915,0.11636248,0.07351393,-0.009018004,0.020433744,-0.08954701,0.068698056,2596769632690407680,3,112.646,104.619,99.425,88.535,80.01,77.016,76.636,68.47,68.423,64.677,61.82,61.545,G7,1.4060036,0.0,0.814,0.054,0.051,5414,138,4.595,0.15,0.945,0.425,-0.028,0.235,0.5112,0.1728,0.0,1,APOGEE,,,,,,,,,,,,,,,,,,,,,,,,,,,,,,,,,,,,,,,,,,,,,,,,,,,,,,,,,,,
18,205999468,205999468.01,3,2151.093313,0.001806191,0.002096387,0.02877788,0.001941727,0.00271448,0.902912727,0.053540138,0.040776848,12.2634336,0.000961116,0.000720146,2.36947855,0.217658845,0.27686919,28.17172587,5.362841675,5.42995854,0.068327019,5016,138,4.65,0.15,-0.046,0.235, K0,0.754,0.052,0.047,0.93,0.415,0.29,0.862745098,0,PC,2M22213759-1450221,4985.5723,19.021442,4.544907,0.02561172,-0.15544,0.009195433,1.5138401,-0.06819299,0.023941357,0.0588129,0.026978632,-0.55733645,0.11066597,0.082094505,0.016147433,0.04114601,0.022852879,0.037456,0.016638169,0.025849506,0.06399693,-0.0006889999,0.01633686,-0.11031601,0.043672588,2599429694915622912,3,92.516,70.169,67.794,59.976,54.308,48.13,43.911,38.378,34.205,32.97,29.881,27.436,K0,1.0475017,0.0,0.754,0.052,0.047,5016,138,4.65,0.15,0.93,0.415,-0.046,0.235,0.562,0.1694,0.0,1,APOGEE,,,,,,,,,,,,,,,,,,,,,,,,,,,,,,,,,,,,,,,,,,,,,,,,,,,,,,,,,,,
19,206007892,206007892.01,3,2149.009953,0.003649934,0.005096656,0.011349329,0.000421083,0.000463952,0.315068357,0.212104591,0.208730805,6.380611871,0.000801944,0.000654073,1.16250723,0.083829304,0.089295929,15.05301243,1.413154725,0.88103474,0.129752852,5424,138,4.447,0.15,0.027,0.235, G8,0.938,0.061,0.058,0.903,0.388,0.278,0.92,0,KP,2M22281062-1435577,5389.6094,19.198517,4.4702806,0.01772075,0.18602,0.0052776686,1.5026575,-0.024537012,0.020140251,0.106312886,0.02979858,0.17002358,0.075799815,0.01745449,0.01141941,0.038126007,0.015154411,0.115142986,0.011860071,-0.080492504,0.041014038,-0.020610005,0.010029264,-0.071756005,0.04074227,2599322178998513664,3,56.184,52.75,48.402,41.854,43.072,36.074,34.004,33.132,31.188,29.845,28.637,27.136,G8,0.91507095,0.0,0.938,0.061,0.058,5424,138,4.447,0.15,0.903,0.388,0.027,0.235,0.5306,0.1486,0.0,1,APOGEE,,,,,,,,,,,,,,,,,,,,,,,,,,,,,,,,,,,,,,,,,,,,,,,,,,,,,,,,,,,
20,206008091,206008091.01,3,2152.664862,0.007047303,0.004282334,0.014292365,0.00067093,0.000693372,0.512572193,0.215945538,0.147172455,12.39848362,0.001775012,0.002847802,1.708995253,0.125696647,0.137148429,20.98000721,2.330149981,2.113050575,0.164691112,5742,138,4.301,0.15,-0.042,0.235, G4,1.095,0.07,0.062,0.877,0.382,0.264,0.901960784,0,KP,2M22214817-1435359,5752.7583,31.860254,4.351573,0.025646329,-0.12459,0.007046411,1.592722,0.024048,0.04177022,0.13136289,0.07333452,-0.032466404,0.16323738,0.0443295,0.014173879,0.13768166,0.017592607,0.09718,0.015096497,-0.0665775,0.053732146,-0.107149996,0.014861686,0.097109,0.07569129,2599451994385832448,3,84.828,65.809,58.038,49.966,47.213,39.591,34.413,29.877,29.038,27.029,24.595,22.943,G4,0.9957286,0.0,1.095,0.07,0.062,5742,138,4.301,0.15,0.877,0.382,-0.042,0.235,0.4264,0.2334,0.0,1,APOGEE,,,,,,,,,,,,,,,,,,,,,,,,,,,,,,,,,,,,,,,,,,,,,,,,,,,,,,,,,,,
21,206011496,206011496.01,3,2146.274957,0.000881575,0.001152728,0.015937505,0.000306356,0.000440332,0.341708362,0.227577663,0.188085174,2.369115328,0.00011876,9.34e-05,1.60984738,0.097292313,0.115103648,7.697602811,0.682174146,0.460699281,0.093972855,5390,138,4.412,0.15,-0.212,0.235, G6,0.925,0.061,0.053,0.815,0.346,0.25,0.901960784,0,KP,2M22480755-1429407,5325.794,19.086172,4.4759197,0.019072238,-0.0075195003,0.0058202785,3.1289601,-0.0160024,0.021259429,0.061377503,0.028237024,0.1634211,0.08744048,0.0384721,0.011628662,0.2010255,0.014389422,0.0394696,0.011613194,-0.041720897,0.04256601,0.06802359,0.010607136,0.026314603,0.04091135,2597119620985658496,3,52.245,44.012,47.37,42.328,39.466,33.696,33.387,34.418,31.688,31.662,31.106,30.866,G6,0.962911,0.0,0.925,0.061,0.053,5390,138,4.412,0.15,0.815,0.346,-0.212,0.235,0.4498,0.2237,0.0,1,APOGEE,,,,,,,,,,,,,,,,,,,,,,,,,,,,,,,,,,,,,,,,,,,,,,,,,,,,,,,,,,,
22,206038483,206038483.01,3,2146.056075,0.000227455,0.000224641,0.069989995,0.000275507,0.000265871,0.80130895,0.006400077,0.005790455,3.002698457,1.65e-05,1.7e-05,10.99050092,0.666338872,0.719645356,4.82233714,0.056328294,0.061264592,0.141049606,5644,138,4.09,0.15,0.107,0.235, F9,1.438,0.094,0.087,0.933,0.404,0.289,0.92,0,KP,2M22342548-1343541,5578.5635,23.926397,4.2059927,0.019784776,0.21017,0.0056316126,1.5053587,0.05044499,0.026279919,0.105945885,0.045692917,0.16949359,0.09365588,0.10205248,0.012602281,0.29362598,0.01747448,0.13261601,0.0137862405,0.0061414987,0.045734655,-0.023104012,0.011615159,-0.067367,0.053020895,2597973387468989568,3,94.846,92.875,73.513,61.516,72.592,48.855,42.335,37.665,47.141,90.148,378.893,1368.765,F9,1.040733,0.0,1.438,0.094,0.087,5644,138,4.09,0.15,0.933,0.404,0.107,0.235,0.4245,0.2385,0.0,1,APOGEE,,,,,,,,,,,,,,,,,,,,,,,,,,,,,,,,,,,,,,,,,,,,,,,,,,,,,,,,,,,
23,206049452,206049452.01,3,2156.198153,0.00467422,0.001777032,0.027214272,0.001604216,0.001913626,0.731553614,0.131875808,0.085668699,14.45546305,0.001579855,0.001879179,1.893035646,0.171901886,0.190805132,37.47081783,4.900651069,4.89478849,0.088555758,4254,138,4.728,0.151,-0.281,0.198, K5,0.637,0.046,0.044,0.789,0.35,0.247,0.92,0,PC,2M22180636-1326145,4479.7124,11.352767,4.6099453,0.020051807,-0.055087,0.008239401,3.184491,-0.051289007,0.013681362,0.0058124997,0.012282061,,,-0.0877085,0.014085655,,,-0.033454,0.013778594,,,0.02335,0.012828195,-0.0419463,0.024436288,2600397436946836352,3,116.22,104.814,98.078,90.428,81.253,70.359,68.389,63.422,59.922,58.371,56.412,54.364,,,,0.636,0.047,0.061,4553,109,4.671,0.042,0.69,0.055,-0.088,0.18,0.674,0.0722,0.0,1,APOGEE,,,,,,,,,,,,,,,,,,,,,,,,,,,,,,,,,,,,,,,,,,,,,,,,,,,,,,,,,,,
24,206049764,206049764.01,3,2146.47993,0.007410843,0.008937073,0.01129565,0.000488243,0.00052617,0.276612641,0.187339793,0.221400592,5.625272864,0.001404962,0.001186912,2.886354853,0.230365114,0.253261924,5.922937339,0.492038331,0.348728163,0.295407106,5089,138,3.768,0.15,-0.187,0.235, G8,2.34,0.174,0.157,1.179,0.528,0.37,0.92,0,KP,2M22092179-1325438,5045.5366,10.539245,3.7679965,0.024808345,-0.26741,0.007092651,1.5007558,-0.0011043847,0.016856978,0.15005,0.02550002,-0.13606799,0.07868687,0.17747301,0.012038945,0.067368,0.01869412,0.10098061,0.0143480515,0.080772,0.03736835,0.08919501,0.01490917,0.010133177,0.023725418,2612301329648852224,3,110.316,98.249,90.475,82.519,72.493,63.512,59.325,56.781,52.898,53.398,49.017,46.534,G8,0.93525267,0.0,2.34,0.174,0.157,5089,138,3.768,0.15,1.179,0.528,-0.187,0.235,0.5461,0.1693,0.0,1,APOGEE,,,,,,,,,,,,,,,,,,,,,,,,,,,,,,,,,,,,,,,,,,,,,,,,,,,,,,,,,,,
25,206055981,206055981.01,3,2164.394075,0.001428908,0.001950903,0.035349913,0.001695059,0.002016314,0.829831712,0.06253234,0.052441943,20.64509851,0.001374703,0.000994594,2.412631562,0.196042396,0.224651839,45.0462569,6.588607622,6.049041353,0.090324957,4348,138,4.726,0.15,-0.351,0.235, K5,0.625,0.046,0.041,0.756,0.347,0.231,0.94,0,PC,2M22312613-1315528,4561.661,14.469011,4.6255517,0.026421867,-0.31747,0.010934614,2.1187513,-0.107898,0.019726744,0.06474289,0.017489946,-0.08296639,0.1001416,0.051801503,0.017174602,0.062386006,0.023624105,-0.0066030025,0.016877983,,,-0.017847002,0.017367944,-0.011220992,0.03337406,2601048588348190976,3,138.744,130.367,147.653,135.226,117.655,114.454,107.862,107.246,90.296,113.104,105.683,103.027,K5,0.97463167,0.0,0.625,0.046,0.041,4348,138,4.726,0.15,0.756,0.347,-0.351,0.235,0.6383,0.096,0.0,1,APOGEE,,,,,,,,,,,,,,,,,,,,,,,,,,,,,,,,,,,,,,,,,,,,,,,,,,,,,,,,,,,
26,206082454,206082454.01,3,2149.295278,0.004560214,0.004614767,0.016052542,0.000577575,0.000627532,0.33779759,0.221290222,0.205840668,14.31668711,0.001570436,0.001695141,1.512785137,0.104666135,0.113104096,28.62816383,2.948803661,1.685430692,0.152567518,5509,138,4.532,0.15,0.017,0.235, G8,0.863,0.055,0.051,0.923,0.411,0.281,0.92,0,KP,2M22211401-1233247,5380.061,26.168001,4.4849377,0.027302295,-0.12146,0.008645183,1.5202675,-0.060262002,0.033893716,0.016192906,0.049246643,0.64208364,0.14437965,0.0695065,0.016229754,0.07363,0.022531714,0.057612903,0.017405223,-0.1634475,0.063866846,-0.051259004,0.01712086,-0.07687699,0.062145267,2602237602799035008,3,85.788,71.279,64.452,61.125,55.946,50.639,52.101,51.248,46.851,41.156,41.008,40.057,G8,0.9030449,0.0,0.863,0.055,0.051,5509,138,4.532,0.15,0.923,0.411,0.017,0.235,0.4677,0.2139,0.0,1,APOGEE,,,,,,,,,,,,,,,,,,,,,,,,,,,,,,,,,,,,,,,,,,,,,,,,,,,,,,,,,,,
27,206101302,206101302.01,3,2156.578494,0.005006841,0.004607807,0.019339489,0.000743647,0.000829587,0.627767145,0.140632429,0.103845925,20.2690122,0.003994273,0.003855291,2.78555943,0.218171516,0.233514997,24.48072124,2.953450629,2.828985869,0.211691438,5764,138,4.173,0.15,-0.15,0.235, G3,1.319,0.095,0.09,0.94,0.415,0.292,0.901960784,0,KP,2M22134239-1203587,5799.988,34.590733,4.161502,0.0269734,-0.056997,0.007385723,2.6273625,-0.066907994,0.045657314,0.1478219,0.087109245,0.1554766,0.17110941,-0.008825496,0.015272462,0.121350005,0.020314008,0.032681,0.016975423,-0.0378654,0.058395598,-0.030250996,0.016346108,-0.014963001,0.08392257,2612881429407251328,3,91.708,79.428,68.583,63.408,58.274,53.64,50.73,46.81,43.343,40.113,39.394,36.425,G3,1.020268,0.0,1.319,0.095,0.09,5764,138,4.173,0.15,0.94,0.415,-0.15,0.235,0.3819,0.2736,0.0,1,APOGEE,,,,,,,,,,,,,,,,,,,,,,,,,,,,,,,,,,,,,,,,,,,,,,,,,,,,,,,,,,,
29,206114630,206114630.01,3,2144.944518,0.001434963,0.00139915,0.039995939,0.005782064,0.005554312,0.98614311,0.01193935,0.009110805,7.445220016,0.000259345,0.000264023,3.61632086,0.592697161,0.583732358,16.69532851,1.395692179,1.866573362,0.046892126,4967,138,4.656,0.15,-0.054,0.235, G9,0.79,0.065,0.061,1.019,0.484,0.318,0.921568627,0,LPPC,2M22011933-1143271,4790.31,14.4312935,4.4429975,0.021745501,-0.24189,0.008080915,9.539377,-0.13958998,0.017657662,-0.2411171,0.016577866,0.3651776,0.08651432,-0.1255715,0.013607654,0.11685601,0.017013654,-0.045086995,0.013028347,0.2194625,0.052334655,0.12565601,0.0129617425,-0.22910102,0.03138324,2613657100500467456,3,104.478,96.496,99.415,92.745,88.757,87.355,84.041,81.834,84.032,82.034,78.308,72.848,G9,1.31031,1.0,0.79,0.065,0.061,4967,138,4.656,0.15,1.019,0.484,-0.054,0.235,0.5575,0.1611,2.516337,1,APOGEE,,,,,,,,,,,,,,,,,,,,,,,,,,,,,,,,,,,,,,,,,,,,,,,,,,,,,,,,,,,
30,206133795,206133795.01,3,2147.801615,0.006941532,0.005882535,0.015157896,0.000700891,0.000735439,0.675253761,0.128114513,0.086105107,13.8506388,0.002356677,0.003280333,2.881776745,0.219003507,0.234853809,14.73410388,1.642899368,1.822883243,0.226914593,5485,138,3.978,0.15,0.141,0.235, G6,1.741,0.114,0.105,1.057,0.462,0.329,0.637931034,0,PC,2M22025323-1112536,5355.242,16.28676,3.9083266,0.014638167,0.31436,0.004297297,1.5037305,0.05814302,0.015577717,0.005524099,0.022554828,0.1683236,0.05626851,0.06993461,0.009808735,0.25237605,0.012708711,0.12672001,0.009969963,-0.1397675,0.033844933,-0.039435,0.007929047,-0.040392905,0.03280497,2613704001544266240,3,91.153,80.902,69.911,62.058,57.656,52.391,50.632,50.226,47.664,45.608,46.057,45.611,G6,1.0439773,0.0,1.741,0.114,0.105,5485,138,3.978,0.15,1.057,0.462,0.141,0.235,0.4554,0.2329,0.0,1,APOGEE,,,,,,,,,,,,,,,,,,,,,,,,,,,,,,,,,,,,,,,,,,,,,,,,,,,,,,,,,,,
17,206135682,206135682.01,3,2145.767224,0.002692484,0.00246358,0.018398745,0.000582109,0.000690854,0.272114973,0.187991718,0.208922522,5.025597537,0.000341913,0.000287336,1.332061779,0.099751605,0.106858446,16.19756341,1.301532805,0.875705807,0.096981193,4663,138,4.667,0.15,-0.25,0.235, K5,0.663,0.047,0.045,0.746,0.334,0.232,0.884615385,0,PC,,,,,,,,,,,,,,,,,,,,,,,,,,,2613924969021549440,3,140.699,118.759,105.082,95.791,89.557,82.795,76.087,72.227,68.137,64.411,63.563,61.207,K5,1.0069362,0.0,0.663,0.047,0.045,4663,138,4.667,0.15,0.746,0.334,-0.25,0.235,0.6019,0.1263,0.0,1,GALAH,,,,,,,,,,,,,,,,,,,,,,,,,,,,,,22103256-1109583,2.6139249690215496e+18,4678.287,93.5678316985506,4.6465163,0.18480235849381818,-0.1675539,0.07645360851934652,0.012070001771226744,0.040763024900160746,-0.20748405456542973,0.09523326713194447,,,0.6381134796142582,0.14540994630283066,-0.2653976058959957,0.06175690569976151,0.24805679321289098,0.099649578332901,-0.07669368743896499,0.07803598899944081,-0.1390449039169514,0.11625585004293612,0.03741577148437525,0.06633167275691534,-0.025463275909423544,0.08392167732380698,0.05528812682737691,0.11249623779255512
31,206146957,206146957.01,3,2146.871616,0.005282181,0.005151676,0.013650237,0.000626932,0.000626571,0.726552369,0.102485364,0.075877462,5.761612158,0.000713823,0.000846204,1.313223781,0.094723751,0.100561833,14.31114585,1.621508972,1.661609378,0.09061735,5682,138,4.418,0.15,-0.234,0.235, G3,0.881,0.054,0.049,0.735,0.334,0.224,0.921568627,0,PC,2M21585426-1052301,5592.4785,34.542168,4.4742675,0.0320421,-0.090872,0.009706007,4.5099316,-0.07920601,0.047723066,0.09329789,0.08427697,-0.13563439,0.19066894,-0.0101665035,0.01882294,-0.0107020065,0.028182464,0.036800995,0.021645231,0.0344415,0.075762235,-0.021566004,0.021409199,-0.27982402,0.08703392,2616766622463761024,3,61.501,61.156,56.491,52.528,54.828,49.442,46.641,40.682,42.254,41.368,44.356,38.114,G3,0.9040107,0.0,0.881,0.054,0.049,5682,138,4.418,0.15,0.735,0.334,-0.234,0.235,0.3858,0.2711,0.0,1,APOGEE,,,,,,,,,,,,,,,,,,,,,,,,,,,,,,,,,,,,,,,,,,,,,,,,,,,,,,,,,,,
32,206153219,206153219.01,3,2145.939088,0.004870008,0.004392569,0.013949563,0.000383168,0.000421174,0.361820932,0.223405828,0.196361816,5.069592195,0.000567579,0.000745276,2.674901243,0.198423173,0.216687648,8.358699018,0.870060398,0.500969055,0.183255902,5906,138,4.064,0.15,-0.128,0.235, F8,1.756,0.132,0.121,1.306,0.62,0.399,0.648148148,0,KP,2M22060640-1042414,5841.598,29.646652,4.107699,0.02164148,-0.065339,0.0056154565,3.9770405,0.0032065772,0.036515508,0.17404988,0.06578844,0.035332598,0.13613501,0.0213825,0.011913545,0.19130501,0.01373836,0.104833,0.01233034,-0.031121299,0.04326068,-0.0051380023,0.0116781825,-0.25229397,0.06754112,2614121364991061888,3,71.899,64.117,60.714,53.133,53.737,48.621,46.397,41.636,40.718,40.897,38.451,38.479,F8,2.0756662,0.0,1.756,0.132,0.121,5906,138,4.064,0.15,1.306,0.62,-0.128,0.235,0.3469,0.291,0.0,1,APOGEE,,,,,,,,,,,,,,,,,,,,,,,,,,,,,,,,,,,,,,,,,,,,,,,,,,,,,,,,,,,
33,206159027,206159027.01,3,2149.32998,0.001898031,0.002049011,0.022009186,0.000468921,0.000660578,0.234691408,0.169193349,0.236213746,8.054114555,0.000496908,0.000482541,1.641524325,0.115956531,0.129877751,21.54603466,1.856456904,0.742209843,0.118398419,4685,138,4.687,0.15,-0.169,0.235, K4,0.683,0.05,0.046,0.83,0.368,0.252,0.882352941,0,KP,2M22160474-1034022,4781.399,16.255234,4.5894256,0.024948828,-0.14622,0.009580883,1.5281289,-0.08851299,0.02047195,0.043869905,0.02072962,-0.060246393,0.09634664,0.022455513,0.016352762,0.016376004,0.02373769,0.027504005,0.016649965,0.05025451,0.06510682,-0.055397004,0.016250534,-0.028337002,0.03695764,2614734243939231232,3,111.667,95.711,93.401,91.136,81.601,78.619,77.112,77.849,75.503,71.681,69.48,69.246,K4,0.79985535,0.0,0.683,0.05,0.046,4685,138,4.687,0.15,0.83,0.368,-0.169,0.235,0.6106,0.1196,0.0,1,APOGEE,,,,,,,,,,,,,,,,,,,,,,,,,,,,,,,,,,,,,,,,,,,,,,,,,,,,,,,,,,,
34,206217293,206217293.01,3,2144.434176,0.009581451,0.008524714,0.013105408,0.000543298,0.000578103,0.330228222,0.215866078,0.200158795,9.893117353,0.002362122,0.002895399,2.839323338,0.208200049,0.225464024,10.70630799,0.978096921,0.679435253,0.282090056,5719,138,3.933,0.15,-0.249,0.235, G2,1.984,0.131,0.12,1.237,0.545,0.384,0.84,0,LPPC,2M22331086-0929048,5665.889,30.000051,3.9936934,0.024956977,0.022961,0.00710125,1.7625442,0.023188999,0.03735063,0.0831589,0.06726826,-0.28239742,0.13991204,0.07737551,0.014859299,0.225335,0.020563727,0.075450905,0.016512472,0.055464506,0.056407936,-0.06550679,0.015246788,-0.180441,0.07090673,2609099414349812352,3,107.725,96.367,88.038,82.226,78.651,68.768,64.017,64.997,61.753,59.083,56.638,57.24,G2,1.1178513,0.0,1.984,0.131,0.12,5719,138,3.933,0.15,1.237,0.545,-0.249,0.235,0.3819,0.2736,0.0,1,APOGEE,,,,,,,,,,,,,,,,,,,,,,,,,,,,,,,,,,,,,,,,,,,,,,,,,,,,,,,,,,,
35,206245553,206245553.01,3,2147.173307,0.002732293,0.001689,0.02304628,0.000754811,0.00108648,0.565438478,0.311675906,0.173448769,7.496197977,0.000313639,0.000403209,2.660103041,0.172155736,0.202149909,13.56277827,2.388467895,2.242806526,0.150095335,5816,138,4.267,0.15,-0.154,0.235, G3,1.057,0.063,0.059,0.758,0.336,0.233,0.92,0,KP,2M22200610-0903219,5823.374,28.524553,4.4099097,0.020538352,0.073887,0.005355098,1.9190223,-0.084529996,0.03350115,0.016382903,0.06288327,-0.0656024,0.119112514,-0.033232495,0.011893339,0.08777901,0.0145624345,0.037184,0.012641689,-0.0999615,0.04274751,-0.0819107,0.011329268,-0.242277,0.06432873,2616071555020488960,3,54.837,52.19,48.106,42.935,42.671,41.062,36.968,34.395,32.823,32.925,33.185,32.839,G3,0.85326976,0.0,1.057,0.063,0.059,5816,138,4.267,0.15,0.758,0.336,-0.154,0.235,0.3858,0.2711,0.0,1,APOGEE,,,,,,,,,,,,,,,,,,,,,,,,,,,,,,,,,,,,,,,,,,,,,,,,,,,,,,,,,,,
36,206247743,206247743.01,3,2147.819967,0.004314084,0.005001354,0.01661044,0.000298887,0.000429303,0.244064982,0.1640609,0.217178281,4.605402436,0.000669067,0.000724356,5.546784027,0.381500939,0.425726341,4.140084482,0.314345069,0.131532406,0.35283649,4912,138,3.633,0.15,0.028,0.235, K1,3.058,0.221,0.203,1.469,0.651,0.458,0.903846154,0,KP,2M22332842-0901219,4927.8213,8.292183,3.5198407,0.018592203,0.33404,0.0061055534,2.13388,-0.059691995,0.009542689,0.020317018,0.015269053,0.20738202,0.040766586,0.0792079,0.00853364,0.061930984,0.016693885,0.05364862,0.010828722,-0.11891799,0.022603173,0.020179003,0.009744916,0.13761318,0.016745446,2609222216055014144,3,71.836,69.266,64.555,64.917,58.882,56.699,58.252,55.551,48.993,45.269,47.542,46.506,K1,1.016431,0.0,3.058,0.221,0.203,4912,138,3.633,0.15,1.469,0.651,0.028,0.235,0.5612,0.1566,0.0,1,APOGEE,,,,,,,,,,,,,,,,,,,,,,,,,,,,,,,,,,,,,,,,,,,,,,,,,,,,,,,,,,,
37,206473982,206473982.01,3,2144.432155,0.007999349,0.008130698,0.017029922,0.000771746,0.000835068,0.400336217,0.251961376,0.189390349,20.07704819,0.003324223,0.004814261,1.86152715,0.134021854,0.142726006,30.83926616,3.087518097,2.444035365,0.193770778,5788,138,4.387,0.15,-0.202,0.235, G2,1.001,0.059,0.056,0.893,0.405,0.273,0.826923077,0,LPPC,2M22155754-0523084,5871.7344,28.469378,4.4324775,0.019774448,0.04959,0.005028433,6.309283,-0.16537201,0.03334812,-0.0014953986,0.06268338,-0.46958637,0.11829377,-0.08921349,0.011216468,0.017691001,0.013086776,0.021360002,0.011700331,-0.0902295,0.039834388,-0.022544999,0.010555479,-0.14070702,0.06359289,2626020760862822656,3,92.036,111.179,107.722,103.644,97.834,84.814,73.676,62.748,57.82,53.973,48.59,40.861,G2,0.95022815,0.0,1.001,0.059,0.056,5788,138,4.387,0.15,0.893,0.405,-0.202,0.235,0.3858,0.2711,0.0,1,APOGEE,,,,,,,,,,,,,,,,,,,,,,,,,,,,,,,,,,,,,,,,,,,,,,,,,,,,,,,,,,,
38,210363145,210363145.01,4,2229.606069,0.003500618,0.000621811,0.027704702,0.000694635,0.001264989,0.393952231,0.228552898,0.201868477,8.200091118,0.000219393,0.000715862,2.393054586,0.165548824,0.204148066,23.07190338,2.626298534,1.573084897,0.107415068,4778,138,4.64,0.15,0.119,0.235, K4,0.791,0.057,0.051,0.997,0.432,0.31,0.862745098,0,KP,2M03405481+1234216,4917.8413,13.907884,4.565482,0.017566605,0.17636,0.0061624604,1.6966412,-0.02884999,0.01447126,-0.039907098,0.016362434,0.12203361,0.058848217,0.008378506,0.012257805,0.047146007,0.01775802,0.038577005,0.012490905,-0.1813975,0.04538234,-0.021643996,0.010600845,0.0034729987,0.02894323,37619725922094336,4,122.762,119.092,113.28,106.719,109.469,102.02,103.426,102.131,105.214,105.359,98.925,101.6,K4,0.9418438,0.0,0.791,0.057,0.051,4778,138,4.64,0.15,0.997,0.432,0.119,0.235,0.6323,0.1054,0.0,1,APOGEE,,,,,,,,,,,,,,,,,,,,,,,,,,,,,,,,,,,,,,,,,,,,,,,,,,,,,,,,,,,
22,210402237,210402237.01,4,2237.245987,0.000986659,0.000767583,0.028431505,0.000442354,0.000749151,0.362546117,0.221558235,0.179378557,10.99347553,0.000309805,0.000475971,3.871586271,0.231513489,0.259919476,17.67812314,1.696468766,1.058928968,0.190600291,5604,138,4.29,0.15,0.047,0.235, G8,1.247,0.077,0.072,1.106,0.496,0.339,0.851851852,0,KP,,,,,,,,,,,,,,,,,,,,,,,,,,,38127013099258880,4,80.123,81.612,73.509,69.06,62.063,56.653,52.651,50.236,45.503,51.459,44.983,45.923,G8,0.95768756,0.0,1.247,0.077,0.072,5604,138,4.29,0.15,1.106,0.496,0.047,0.235,0.4906,0.1813,0.0,1,GALAH,,,,,,,,,,,,,,,,,,,,,,,,,,,,,,03410141+1331098,3.812701309925888e+16,5751.2515,76.23639506568132,4.176414,0.17802279927436906,-0.046299934,0.05178555815194411,-0.019531926807847617,0.019203811669306674,,,0.033794212341309304,0.07872317870794936,0.10659358978271527,0.07981084229695545,0.060484828948975,0.02860906997520355,-0.017175769805907848,0.037713054225074844,0.06573423385620103,0.03905994635291089,0.1011940979320907,0.04682453007547297,0.018506793975830327,0.033588411799579915,-0.0737973976135251,0.04369747245166141,-0.03115326234250463,0.04087904195969586
39,210403955,210403955.01,4,2233.482494,0.00261982,0.002459058,0.01569811,0.000443008,0.000485989,0.214354309,0.150423169,0.179004048,5.605738425,0.000398986,0.00038857,1.448527402,0.098066236,0.105954884,13.79070934,0.76868598,0.56474351,0.128571131,5238,138,4.564,0.15,0.151,0.235, K0,0.845,0.056,0.052,0.95,0.424,0.287,0.843137255,0,KP,2M03560900+1333334,5223.154,21.722708,4.5182037,0.024247728,0.0052032005,0.008003815,1.5050468,-0.0284569,0.026105804,0.052971996,0.035544503,-0.010787604,0.10912948,0.0950466,0.0153877465,0.109412804,0.022419196,0.066560894,0.016495235,0.026859598,0.05975252,-0.016690899,0.015312992,-0.0379579,0.049776167,38723395078288256,4,79.779,72.511,79.589,74.417,70.279,71.763,73.294,65.098,67.056,70.697,68.601,68.913,K0,1.0792826,0.0,0.845,0.056,0.052,5238,138,4.564,0.15,0.95,0.424,0.151,0.235,0.5256,0.186,0.0,1,APOGEE,,,,,,,,,,,,,,,,,,,,,,,,,,,,,,,,,,,,,,,,,,,,,,,,,,,,,,,,,,,
41,210423938,210423938.01,4,2239.011386,0.004752849,0.005526006,0.023515469,0.001069271,0.001349965,0.456821943,0.281773973,0.171531955,19.86226439,0.004786378,0.001842194,1.802658229,0.150170497,0.168936998,43.99752945,4.368396698,3.543619916,0.131624414,4464,138,4.631,0.15,-0.156,0.235, K5,0.702,0.052,0.049,0.772,0.343,0.245,0.826923077,0,LPPC,2M04012935+1400006,4689.025,12.393443,4.5899887,0.019244773,-0.10992,0.0073056594,4.4955206,-0.08758599,0.014373734,-0.0115014985,0.013230274,0.0037636086,0.06710338,-0.038504504,0.012681007,-0.024543993,0.01644526,-0.040127,0.012113838,0.010960504,0.048045132,-0.0011859983,0.011490583,0.016549006,0.026142957,38953983282748416,4,134.571,116.827,112.982,112.706,113.302,101.09,100.024,92.319,85.915,91.396,88.908,91.187,K5,1.1842617,0.0,0.702,0.052,0.049,4464,138,4.631,0.15,0.772,0.343,-0.156,0.235,0.666,0.0775,0.0,1,APOGEE,,,,,,,,,,,,,,,,,,,,,,,,,,,,,,,,,,,,,,,,,,,,,,,,,,,,,,,,,,,
42,210508766,210508766.01,4,2231.311833,0.00244753,0.00156827,0.027471034,0.000532288,0.000629044,0.3155882,0.147265998,0.098224824,2.747261824,0.00013352,0.000169803,1.685908345,0.058059147,0.06159603,12.22365994,0.365212216,0.329193857,0.070026919,3870,93,4.687,0.028,-0.002,0.17, K7,0.562,0.016,0.016,0.56,0.015,0.015,0.843137255,0,KP,2M03593637+1533320,3963.6355,10.194082,4.6577454,0.025859013,-0.189,0.012898465,1.5020348,-0.053922996,0.016178936,-0.03366311,0.014084412,,,-0.037159503,0.019491848,,,-0.04130201,0.019429617,,,-0.036863998,0.019136813,-0.168321,0.024810852,40139531695379328,4,164.09,153.435,145.142,139.841,156.867,146.111,140.962,147.598,140.702,136.539,139.712,149.46,K7,1.0573152,0.0,0.562,0.016,0.016,3870,93,4.687,0.027,0.56,0.015,-0.002,0.17,0.6662,0.1003,0.0,1,APOGEE,,,,,,,,,,,,,,,,,,,,,,,,,,,,,,,,,,,,,,,,,,,,,,,,,,,,,,,,,,,
23,210550063,210550063.01,4,2229.818797,0.003859634,0.005494782,0.020789594,0.000753444,0.000799625,0.794266944,0.034978232,0.033013308,2.166047441,0.000321234,0.000206345,2.610757215,0.103064734,0.108413209,6.325795912,0.199016626,0.175133361,0.07000843,6194,22,4.352,0.031,0.067,0.018, F9,1.15,0.018,0.018,1.085,0.088,0.083,0.784313725,0,PC,,,,,,,,,,,,,,,,,,,,,,,,,,,45456357610673408,4,267.912,249.284,253.964,243.919,249.06,238.173,242.351,268.39,295.939,248.069,284.308,245.793,F9,1.3087962,0.0,1.15,0.018,0.018,6194,22,4.352,0.031,1.085,0.088,0.067,0.018,0.3288,0.3024,0.0,1,GALAH,,,,,,,,,,,,,,,,,,,,,,,,,,,,,,04043165+1613000,4.545635761067341e+16,6030.3,81.18204833905556,4.3117123,0.17888625550864592,-0.003587246,0.06526367731552461,-0.06844522188457708,0.03176714333604387,1.593714427947998,0.07683551030714607,0.13939695358276438,0.11274705906188816,,,-0.0246439552307125,0.043037960921860616,-0.09571609497070277,0.05761324250124854,-0.06451431274414077,0.05911873680085661,-0.10819419609462533,0.0786369008509571,-0.020288677215575923,0.048552802027625665,0.09707433700561552,0.0640873181774332,-0.14047617324789002,0.07854148087657381
4,210577548,210577548.01,4,2231.997465,0.001545819,0.001512159,0.025309725,0.0004706,0.000848755,0.278601823,0.199802013,0.234074808,6.422091913,0.000460098,0.000272666,2.365831606,0.152945126,0.1763877,16.56393083,1.616123389,0.759449217,0.121848413,5143,138,4.598,0.15,0.236,0.235, K0,0.856,0.057,0.053,1.071,0.47,0.334,0.849056604,0,KP,,,,,,,,,,,,,,,,,,,,,,,,,,,44062348664673152,4,121.177,92.535,83.229,73.8,71.035,64.352,60.536,56.316,56.599,55.148,55.461,55.377,K0,0.9386688,0.0,0.856,0.057,0.053,5143,138,4.598,0.15,1.071,0.47,0.236,0.235,0.5256,0.186,0.0,1,LAMOST,LAMOST J034314.22+163804.3,20171231kp2_04_30105101_v2.9.7,55.809274,16.634549,5202.35,4.46,0.13,1.614,22.432,0.016,-0.07,0.012,-0.02,-0.021,0.036,38.55,0.028,0.056,0.339,0.094,0.037,0.065,0.04,0.033,0.033,0.087,0.077,0.028,0.086,,,,,,,,,,,,,,,,,,,,,,,,,,,,,,
44,210609658,210609658.01,4,2241.406929,0.001160723,0.001130255,0.060399451,0.001097654,0.001277734,0.357610513,0.238784062,0.129484259,14.1446659,0.00045075,0.000428435,21.13896226,1.552095417,1.663953018,8.563115219,0.532943441,0.522942061,0.526080007,4790,138,3.573,0.15,0.03,0.235, G5,3.205,0.243,0.228,1.403,0.633,0.435,0.86,0,PC,2M03425204+1706054,4808.182,11.296811,3.486505,0.025537232,0.15997,0.009313996,2.7738948,-0.017629012,0.014648477,0.028489992,0.021077128,0.09184201,0.06526594,0.050412998,0.01277421,0.00785099,0.027300954,-0.0021414012,0.016602563,-0.057623006,0.040888984,0.031480998,0.015984127,0.03586316,0.025224224,44112376443631104,4,165.676,155.33,152.25,140.925,148.636,127.736,121.638,115.869,105.519,94.195,92.695,83.287,G5,1.1566098,0.0,3.205,0.243,0.228,4790,138,3.573,0.15,1.403,0.633,0.03,0.235,0.5915,0.1126,0.0,1,APOGEE,,,,,,,,,,,,,,,,,,,,,,,,,,,,,,,,,,,,,,,,,,,,,,,,,,,,,,,,,,,
7,210643811,210643811.01,4,2230.736326,0.007274049,0.003374863,0.012594065,0.00033667,0.0003474,0.229845689,0.151516892,0.161082976,9.52849992,0.000902324,0.002344763,2.221064115,0.070029535,0.072363342,12.20200262,0.30766264,0.275266496,0.245395295,5938,19,4.076,0.027,0.034,0.016, G1,1.615,0.028,0.027,1.134,0.083,0.079,0.843137255,0,KP,,,,,,,,,,,,,,,,,,,,,,,,,,,55077599749605504,4,54.442,54.454,56.65,51.419,44.867,46.217,46.218,44.914,47.076,42.057,43.702,46.359,G1,0.95784664,0.0,1.615,0.028,0.027,5938,19,4.076,0.027,1.134,0.083,0.034,0.016,0.3794,0.2561,0.0,1,LAMOST,LAMOST J033000.86+173502.7,20171205HIP167370102029_v2.9.7,52.503615,17.5841,5866.45,3.979,-0.025,2.76,5.988,0.151,0.074,0.063,0.062,0.061,0.067,27.31,0.039,0.034,0.061,0.088,0.037,0.036,0.04,0.029,0.024,0.081,0.065,0.022,0.083,,,,,,,,,,,,,,,,,,,,,,,,,,,,,,
25,210678858,210678858.01,4,2237.221474,0.003180672,0.002834611,0.028725694,0.000530333,0.000533413,0.189859278,0.128739641,0.136837254,14.84898337,0.001292657,0.00117655,2.465560787,0.067756765,0.07028392,32.64806348,1.146719576,0.894374678,0.146397337,5058,36,4.678,0.06,0.224,0.034, K1,0.786,0.017,0.016,1.073,0.165,0.144,0.846153846,0,PC,,,,,,,,,,,,,,,,,,,,,,,,,,,55913881421161472,4,132.034,117.73,112.917,103.551,112.489,107.36,98.509,114.293,102.292,95.463,114.665,94.858,K1,1.0826458,0.0,0.786,0.017,0.016,5058,36,4.678,0.06,1.073,0.165,0.224,0.034,0.5923,0.1325,0.0,1,GALAH,,,,,,,,,,,,,,,,,,,,,,,,,,,,,,03261169+1803599,5.591388142116147e+16,5185.83,114.4819782469646,4.567948,0.1885849676603142,0.073880196,0.08416229694596876,0.2969221773595343,0.06928897534587349,0.06492264270782466,0.12030476859288243,,,0.03362319946289105,0.19572278792686432,0.20285600662231484,0.09929218172302083,0.37424221038818395,0.15953076934462276,0.2542394065856932,0.10787959651503641,-0.3446617392833734,0.185772598454768,-0.019682140350341548,0.0996684896472754,0.24281150817871122,0.11593660131271369,0.3073617316347588,0.10281377348058143
45,210731500,210731500.01,4,2229.576416,0.001320599,0.001131385,0.046898808,0.000822169,0.000836844,0.684082265,0.051855234,0.045775375,9.726073058,0.000257051,0.000278333,6.918943625,0.216429649,0.221887099,13.23723477,0.858730629,0.852903248,0.185455558,5654,47,4.089,0.078,0.366,0.045, G4,1.351,0.036,0.035,0.816,0.168,0.141,0.86,1,KP,2M04245669+1849387,5587.9253,22.45102,4.1550627,0.017860807,0.33071,0.0050096554,1.500341,-0.069270015,0.023757381,0.062052906,0.041932836,0.20864362,0.079192296,0.005586505,0.012707052,0.133926,0.016532842,0.10058001,0.013814174,-0.08712551,0.042019807,-0.031091005,0.011391409,-0.108361006,0.048787504,47908509057301120,4,240.773,247.02,230.51,217.147,214.308,220.333,212.391,203.613,197.461,188.608,210.704,199.049,G4,1.0121961,0.0,1.351,0.036,0.035,5654,47,4.089,0.078,0.816,0.168,0.366,0.045,0.4403,0.233,0.0,1,APOGEE,,,,,,,,,,,,,,,,,,,,,,,,,,,,,,,,,,,,,,,,,,,,,,,,,,,,,,,,,,,
54,210797580,210797580.01,13,2989.184012,0.000767445,0.000811602,0.030249148,0.004852807,0.000602976,0.941167448,0.215707166,0.007804304,2.140839801,3.76e-05,3.61e-05,3.20741396,0.547924284,0.224025589,3.659132571,0.227533408,3.569984331,0.078215638,5377,138,4.454,0.15,0.018,0.235, G8,0.971,0.065,0.057,0.984,0.428,0.303,0.705882353,0,PC,,,,,,,,,,,,,,,,,,,,,,,,,,,144150720342734208,13,86.918,78.439,81.132,80.02,81.745,78.446,83.521,75.883,81.605,75.992,75.015,76.084,G8,0.99048847,0.0,0.971,0.065,0.057,5377,138,4.454,0.15,0.984,0.428,0.018,0.235,0.5306,0.1486,0.0,1,LAMOST,LAMOST J043116.92+194954.0,20181024TD043446N210613K0105214_v2.9.7,67.82053,19.83169,5525.26,4.424,-0.102,2.948,29.538,-0.07,-0.201,0.008,-0.025,0.091,-0.003,27.09,0.031,0.033,0.11,0.136,0.032,0.048,0.038,0.03,0.026,0.082,0.066,0.022,0.082,,,,,,,,,,,,,,,,,,,,,,,,,,,,,,
27,210801596,210801596.01,4,2237.223596,0.008819598,0.007497445,0.044176115,0.012767141,0.009099564,0.972286578,0.260405271,0.016877349,8.803825083,0.001716952,0.001876827,14.9055857,4.393536334,3.205656122,1.397223654,0.03500675,1.21791008,0.773412008,6258,138,3.99,0.15,-0.18,0.235, F5,3.089,0.191,0.179,3.426,1.458,1.073,0.824561404,0,FP,,,,,,,,,,,,,,,,,,,,,,,,,,,50377015742332032,4,414.909,417.22,485.391,346.381,364.048,352.139,464.798,361.207,437.411,481.196,484.566,410.223,F5,,1.0,3.089,0.191,0.179,6258,138,3.99,0.15,3.426,1.458,-0.18,0.235,0.343,0.2667,8.134806,1,GALAH,,,,,,,,,,,,,,,,,,,,,,,,,,,,,,04044557+1953319,5.037701574233203e+16,6177.865,90.94961052884135,3.597301,0.1866488222009718,-0.510407,0.11759388814772455,0.09518398096252734,0.045730067998793866,1.9935147285461425,0.09631806873719084,0.09104852676391673,0.13908053243850904,,,0.09049266815185586,0.06308527262409168,0.09847488403320348,0.09080589969236767,0.03824552536010728,0.07923427400122908,0.12596803285813563,0.11883055654687566,0.040314464569092046,0.0675544435053569,0.17954856872558622,0.08519200713697445,0.5771405982971194,0.15423062731660345
46,210822575,210822575.01,4,2229.310575,0.017317353,0.017389511,0.013184878,0.000822659,0.000820861,0.277855558,0.192693901,0.233105154,8.936180486,0.004996627,0.004022219,1.125914746,0.095566398,0.100479145,10.36350852,1.533037344,1.68509571,0.267823076,5441,138,4.425,0.151,-0.489,0.198, G6,0.782,0.05,0.045,0.597,0.265,0.182,0.807692308,0,FP,2M03443335+2012474,5184.7944,19.723425,4.5468416,0.021837248,0.11913,0.007222653,3.2614443,-0.097931,0.022297258,-0.035494104,0.03046091,-0.17752638,0.08945752,-0.0009254962,0.014468082,-0.012226,0.021671586,0.014800996,0.015599154,0.028822497,0.05516139,0.034336,0.013728011,-0.0097550005,0.043995675,63160625120519168,4,138.22,126.488,111.161,100.282,96.339,83.295,75.424,70.972,65.547,60.582,59.704,55.459,,,,0.877,0.181,0.072,5487,228,4.505,0.045,0.906,0.064,-0.086,0.15,0.4415,0.2396,0.0,1,APOGEE,,,,,,,,,,,,,,,,,,,,,,,,,,,,,,,,,,,,,,,,,,,,,,,,,,,,,,,,,,,
10,210852232,210852232.01,4,2230.252298,0.002479608,0.002825226,0.014044721,0.000547802,0.000537471,0.496158519,0.148075893,0.097137905,1.934294735,0.000138274,0.000132177,1.360377294,0.062070213,0.061217003,6.800039157,0.396741383,0.407037784,0.080302335,5291,43,4.418,0.071,0.201,0.041, G7,0.887,0.021,0.021,0.753,0.143,0.118,0.9,0,PC,,,,,,,,,,,,,,,,,,,,,,,,,,,51555211171046016,4,111.614,102.971,89.681,79.391,73.111,68.317,61.844,58.344,55.189,54.009,53.014,48.706,G7,1.0657624,0.0,0.887,0.021,0.021,5291,43,4.418,0.071,0.753,0.143,0.201,0.041,0.5256,0.186,0.0,1,LAMOST,LAMOST J035525.50+203936.6,20171103HIP184900105055_v2.9.7,58.856263,20.660179,5213.45,4.366,0.112,1.855,11.635,-0.065,-0.108,-0.066,-0.038,-0.045,-0.0,55.64,0.029,0.075,0.152,0.101,0.05,0.088,0.046,0.044,0.044,0.098,0.09,0.034,0.091,,,,,,,,,,,,,,,,,,,,,,,,,,,,,,
28,210945680,210945680.01,4,2242.516123,0.004946443,0.010867462,0.018731872,0.000629303,0.000617044,0.690288859,0.061995278,0.050352557,20.60065631,0.006457367,0.003989052,2.166206127,0.080655614,0.080295977,29.9045592,1.731843484,1.84200962,0.164302019,5969,20,4.386,0.031,0.115,0.017, G2,1.059,0.018,0.017,0.994,0.082,0.075,0.846153846,0,PC,,,,,,,,,,,,,,,,,,,,,,,,,,,61554204272842240,4,67.931,60.409,54.365,50.0,47.489,39.218,37.646,34.811,33.198,31.721,28.611,28.314,G2,0.9911158,0.0,1.059,0.018,0.017,5969,20,4.386,0.031,0.994,0.082,0.115,0.017,0.3661,0.2844,0.0,1,GALAH,,,,,,,,,,,,,,,,,,,,,,,,,,,,,,03325736+2206573,6.155420427284224e+16,5916.6616,75.97323692453098,4.4111295,0.17647659019087483,0.0938921,0.05139348268601278,-0.002106764999168304,0.019068923321193355,1.166811180114746,0.05420438462109206,-0.09016532897949148,0.08052377435219478,-0.06338169097900348,0.0812946888676597,-0.017224845886230078,0.029101818513144626,-0.04410896301269496,0.038295795728734885,-0.005100879669189595,0.03994304662919598,-0.02164230184558625,0.04799393423446823,-0.0016786766052243607,0.03413797967212062,0.02392417907714872,0.044574270593195936,0.0193559228080217,0.037612805004470694
29,210965800,210965800.01,4,2237.336199,0.002507421,0.003544924,0.035819759,0.000675843,0.000917433,0.322376819,0.200396597,0.203316225,8.748049862,0.00077,0.000571488,3.37563976,0.19456156,0.217417338,18.80260706,1.838935058,0.947368015,0.145848791,5924,138,4.427,0.15,-0.241,0.235, G2,0.863,0.051,0.047,0.73,0.313,0.218,0.843137255,0,KP,,,,,,,,,,,,,,,,,,,,,,,,,,,61624573016925824,4,295.89,278.798,289.842,265.142,287.221,262.454,292.657,272.901,274.621,267.926,285.667,266.275,G2,1.104685,0.0,0.863,0.051,0.047,5924,138,4.427,0.15,0.73,0.313,-0.241,0.235,0.3447,0.2916,0.0,1,GALAH,,,,,,,,,,,,,,,,,,,,,,,,,,,,,,03313333+2226055,6.162457301692582e+16,5458.3677,84.39167932694815,4.445424,0.18103832742218395,0.1976242,0.06152915805144233,0.0333644869817102,0.02633172575805674,0.010811042785644487,0.13257227838039398,,,0.15561244964599652,0.11336004779643294,0.005304756164551172,0.04294034302414203,0.07098808288574254,0.05746421477102073,-0.025227222442627095,0.05900641793285019,-0.0679106777606741,0.0784326239984142,0.013051300048828374,0.048456616574171815,0.13435871124267607,0.06397098080084264,-0.02508295445931672,0.04616735505323988
47,211048999,211048999.01,4,2233.57906,0.00147213,0.001857119,0.028847812,0.000906931,0.000900781,0.653778943,0.077470078,0.064753777,5.172390004,0.000234867,0.00019536,2.346884897,0.097022206,0.096642268,17.60934772,1.249693745,1.171768431,0.07430105,4888,47,4.738,0.078,0.046,0.045, K3,0.745,0.02,0.02,1.109,0.227,0.193,0.862745098,0,KP,2M03551125+2345245,4947.9004,15.954411,4.5689135,0.020676373,0.049233,0.007329187,2.2485368,-0.077841,0.017975088,-0.047952097,0.020412492,0.1374106,0.07693519,-0.032312494,0.013848118,-0.0445694,0.020032426,-0.005668003,0.014231898,0.0384675,0.05287293,-0.015283998,0.012820506,0.022415001,0.034660198,65797082206292224,4,113.97,95.358,97.127,92.584,88.861,76.027,79.679,80.664,79.181,77.446,74.072,76.018,K3,0.9841598,0.0,0.745,0.02,0.02,4888,47,4.738,0.078,1.109,0.227,0.046,0.045,0.6167,0.1142,0.0,1,APOGEE,,,,,,,,,,,,,,,,,,,,,,,,,,,,,,,,,,,,,,,,,,,,,,,,,,,,,,,,,,,
12,211201576,211201576.01,4,2230.403838,0.005231448,0.003886632,0.017049779,0.000560522,0.000629392,0.301640914,0.188240573,0.187219068,5.883181628,0.000808053,0.000612659,3.294741228,0.231042666,0.257313534,11.56200211,0.821547903,0.558896259,0.157503464,5996,25,4.359,0.041,0.184,0.024, G3,1.453,0.1,0.09,1.764,0.309,0.263,0.862745098,0,LPPC,,,,,,,,,,,,,,,,,,,,,,,,,,,67267816444669184,4,120.725,106.84,100.901,97.84,95.465,92.434,93.712,92.675,95.616,88.309,89.139,89.056,G3,1.984754,1.0,1.453,0.1,0.09,5996,25,4.359,0.041,1.764,0.309,0.184,0.024,0.3729,0.2826,0.789461,1,LAMOST,LAMOST J035929.79+262914.2,20171003HIP184910109109_v2.9.7,59.874137,26.487303,5826.88,3.921,0.106,1.943,8.019,0.01,-0.001,0.008,0.008,0.021,-0.008,33.15,0.033,0.048,0.121,0.092,0.036,0.058,0.043,0.033,0.029,0.084,0.071,0.027,0.084,,,,,,,,,,,,,,,,,,,,,,,,,,,,,,
98,211309648,211309648.01,18,3421.483371,0.000649241,0.00069192,0.098271655,0.001063697,0.000838074,0.636140735,0.040017021,0.028391538,3.139403732,7.21e-05,7.3e-05,16.41883503,1.06657434,1.135449534,5.043188074,0.149834943,0.190056959,0.178344095,5716,138,4.047,0.151,-0.136,0.198, G3,1.53,0.105,0.098,0.952,0.431,0.288,0.903846154,0,PC,,,,,,,,,,,,,,,,,,,,,,,,,,,597752593112863488,18,810.312,1240.649,1294.021,2001.615,1590.14,1234.333,1902.436,1712.78,1520.96,1688.81,1511.342,1342.379,F9,0.8653598,0.0,1.53,0.105,0.098,5716,138,4.047,0.151,0.952,0.431,-0.136,0.198,0.4906,0.1813,0.0,1,LAMOST,LAMOST J085527.98+100243.0,20171230HIP435190307003_v2.9.7,133.8666,10.045295,5641.48,4.043,0.144,1.368,2.528,0.05,0.074,-0.036,0.002,-0.048,0.011,42.64,0.03,0.061,0.135,0.096,0.042,0.066,0.046,0.037,0.036,0.089,0.081,0.031,0.087,,,,,,,,,,,,,,,,,,,,,,,,,,,,,,
30,211355342,211355342.01,5,2310.791959,0.00125153,0.001864469,0.02632544,0.0008427,0.000921285,0.768545236,0.072640082,0.057853745,6.894832397,0.000367301,0.000305817,3.024224426,0.202827678,0.219769959,13.79963057,1.640081579,1.674883062,0.108224046,5502,138,4.302,0.15,0.095,0.235, G7,1.052,0.067,0.062,0.815,0.353,0.253,0.865384615,0,KP,,,,,,,,,,,,,,,,,,,,,,,,,,,600874445926411264,5,102.598,92.428,85.445,82.846,76.768,74.949,66.906,63.972,59.243,62.304,60.058,54.946,G7,0.95398325,0.0,1.052,0.067,0.062,5502,138,4.302,0.15,0.815,0.353,0.095,0.235,0.4603,0.2291,0.0,1,GALAH,,,,,,,,,,,,,,,,,,,,,,,,,,,,,,08301297+1054371,6.008744459264113e+17,5538.584,91.27123293084821,4.3922334,0.18255674209953532,0.25463438,0.07358745344579898,0.009184937478078508,0.03636206411673813,,,,,0.09705541610717816,0.14120001055751627,0.06502288818359414,0.05903900011500081,-0.004319286346435192,0.08375053790227244,0.08898767471313462,0.07553735164060608,0.006423304293449919,0.11095428116591431,-0.013741226196288814,0.06381654566204534,0.08401805877685575,0.08127760517271494,-0.027060797318106004,0.0747538839434537
48,211383821,211383821.01,5,2307.159371,0.00268051,0.002162169,0.018369329,0.000763201,0.000856672,0.257942634,0.170908321,0.219037717,1.567025241,0.000169999,8.84e-05,1.279783804,0.101327097,0.11158253,7.789027758,0.684536076,0.547079846,0.063257896,4256,138,4.7,0.15,-0.366,0.235, K5,0.638,0.047,0.043,0.74,0.336,0.229,0.754716981,1,PC,2M08440991+1123078,4481.034,13.123718,4.609144,0.024418319,-0.20265,0.010289007,1.7499676,-0.04683201,0.017318258,0.04290189,0.015431797,,,-0.011610493,0.016609367,,,-0.029567018,0.01645544,,,0.019244984,0.016253902,-0.076735005,0.029789986,601848888105730176,5,244.549,210.852,201.013,182.773,167.39,150.747,150.462,137.028,132.84,124.564,118.095,125.424,K5,1.018889,0.0,0.638,0.047,0.043,4256,138,4.7,0.15,0.74,0.336,-0.366,0.235,0.6383,0.096,0.0,1,APOGEE,,,,,,,,,,,,,,,,,,,,,,,,,,,,,,,,,,,,,,,,,,,,,,,,,,,,,,,,,,,
49,211391664,211391664.01,5,2312.983131,0.000783475,0.00065878,0.030258038,0.000292028,0.000305827,0.456842177,0.068370645,0.057982549,10.13518561,0.000243652,0.00049325,5.038871068,0.137734057,0.144728265,14.03553243,0.493307575,0.480848865,0.212408419,6200,14,4.178,0.022,-0.124,0.012, F7,1.525,0.041,0.039,1.278,0.098,0.089,0.830188679,0,KP,2M08255719+1130402,6034.4946,40.381824,4.12615,0.02722434,-0.12965,0.006847632,7.754075,0.041177988,0.05575728,0.027067892,0.11718053,0.4960636,0.20241915,0.013732493,0.014402886,0.1472602,0.017483523,0.14088298,0.015797412,-0.055711508,0.05425499,-0.08130202,0.015712012,,,601199802584914816,5,97.976,82.173,69.238,63.794,60.007,51.796,49.565,47.091,41.879,41.647,42.95,43.203,F7,0.8838694,0.0,1.525,0.041,0.039,6200,14,4.178,0.022,1.278,0.098,-0.124,0.012,0.3448,0.2668,0.0,1,APOGEE,,,,,,,,,,,,,,,,,,,,,,,,,,,,,,,,,,,,,,,,,,,,,,,,,,,,,,,,,,,
100,211393988,211393988.01,18,3421.734413,0.000729833,0.000668488,0.077531243,0.000663045,0.000611153,0.727261639,0.023519746,0.019475236,4.871902195,0.00013074,0.000136576,15.38347012,0.990876162,1.082050572,6.522586253,0.18911396,0.219924877,0.189506979,6466,138,4.113,0.151,-0.239,0.198, F0,1.817,0.127,0.116,1.564,0.699,0.477,0.92,0,PC,,,,,,,,,,,,,,,,,,,,,,,,,,,604675358839131136,18,88.751,78.405,69.659,76.169,85.32,75.464,69.028,66.988,60.806,59.66,57.392,54.708,G7,1.0746958,0.0,1.817,0.127,0.116,6466,138,4.113,0.151,1.564,0.699,-0.239,0.198,0.5306,0.1486,0.0,1,LAMOST,LAMOST J085516.31+113255.9,20171228HIP435190208048_v2.9.7,133.81796,11.548873,6350.71,3.902,0.044,1.483,10.747,0.089,0.115,0.033,0.046,-0.038,0.029,35.05,0.045,0.05,0.083,0.093,0.045,0.06,0.049,0.034,0.033,0.195,0.075,0.03,0.085,,,,,,,,,,,,,,,,,,,,,,,,,,,,,,
101,211408558,211408558.01,18,3427.652617,0.014048284,0.009344847,0.017810059,0.000594568,0.000515549,0.078801116,0.053635658,0.088789163,9.967688817,0.003229918,0.007765935,2.005149055,0.07465949,0.067782987,17.93745348,0.953942718,0.435666753,0.179587842,5882,25,4.455,0.042,0.113,0.023, G3,1.031,0.018,0.017,1.103,0.122,0.107,0.6,0,PC,,,,,,,,,,,,,,,,,,,,,,,,,,,601779996830216192,5,228.639,281.861,327.557,278.398,234.734,287.868,277.227,265.845,250.512,266.399,260.42,235.388,G3,1.1280477,0.0,1.031,0.018,0.017,5882,25,4.455,0.042,1.103,0.122,0.113,0.023,0.3661,0.2844,0.0,1,LAMOST,LAMOST J083714.06+114618.1,20171126HIP43121K210108_v2.9.7,129.3086,11.77171,5976.62,4.335,0.016,2.201,23.379,-0.078,0.496,0.5,0.214,0.216,0.481,27.64,0.033,0.035,0.111,0.091,0.036,0.035,0.04,0.028,0.034,0.083,0.063,0.025,0.084,,,,,,,,,,,,,,,,,,,,,,,,,,,,,,
16,211413752,211413752.01,5,2308.511356,0.006854647,0.002651422,0.016329796,0.000643189,0.000651535,0.16366492,0.114318242,0.146559986,2.151313371,0.000141776,0.000308291,1.35524243,0.062286814,0.063810096,9.15834699,0.396403087,0.458478523,0.075151568,5040,42,4.741,0.069,0.094,0.04, K1,0.76,0.019,0.018,1.159,0.208,0.176,0.807692308,0,KP,,,,,,,,,,,,,,,,,,,,,,,,,,,604743013163971072,5,172.305,162.466,146.885,142.486,142.317,126.726,127.914,122.949,117.158,111.487,105.784,99.831,K1,1.001863,0.0,0.76,0.019,0.018,5040,42,4.741,0.069,1.159,0.208,0.094,0.04,0.5846,0.1374,0.0,1,LAMOST,LAMOST J085450.28+115053.6,20171228HIP435190209014_v2.9.7,133.70952,11.848248,4954.72,4.559,-0.026,2.578,8.098,0.067,-0.008,0.001,-0.028,-0.009,-0.023,35.51,0.024,0.052,0.314,0.093,0.033,0.06,0.034,0.031,0.03,0.076,0.066,0.026,0.084,,,,,,,,,,,,,,,,,,,,,,,,,,,,,,
50,211439059,211439059.01,5,2313.521086,0.008668835,0.009630145,0.016671565,0.000716958,0.000869255,0.288915544,0.195992465,0.273265757,18.63583963,0.004232923,0.004606612,1.736790293,0.39132686,0.593165418,25.72919567,3.371598953,2.070961853,0.224787759,5397,49,4.578,0.081,-0.02,0.047, K0,0.954,0.322,0.211,1.267,1.066,0.527,0.785714286,0,LPPC,2M08475364+1213548,4772.215,14.434109,4.5057664,0.02210106,-0.25138,0.0082848845,6.076871,-0.13469002,0.017814228,0.1393429,0.016618138,0.2425886,0.08768198,-0.0041545033,0.01386082,0.077196,0.017443337,0.053593993,0.013293984,0.1610425,0.053508982,0.05403599,0.013272478,-0.14699599,0.03153066,608004680049143552,5,114.502,105.775,94.66,89.788,83.366,76.248,72.999,69.738,68.788,67.221,62.027,67.97,K0,39.700153,0.0,0.954,0.322,0.211,5397,49,4.578,0.081,1.267,1.066,-0.02,0.047,0.5112,0.1728,0.0,1,APOGEE,,,,,,,,,,,,,,,,,,,,,,,,,,,,,,,,,,,,,,,,,,,,,,,,,,,,,,,,,,,
89,211451776,211451776.01,16,3271.404755,0.004334075,0.006144236,0.032258968,0.001149319,0.001251041,0.231853474,0.155764817,0.179449326,12.17681977,0.001410518,0.001401908,2.243946718,0.102039896,0.109784942,32.13128465,1.529292637,1.623868801,0.121359775,4477,51,4.739,0.084,-0.485,0.048, K5,0.637,0.019,0.018,0.812,0.179,0.146,0.9,0,PC,2M08552948+1225379,4585.462,15.152018,4.6205363,0.02801149,-0.44747,0.011533905,2.6935809,-0.16877002,0.021491997,0.07782388,0.018525697,-0.13469636,0.11547192,0.10105249,0.017490383,0.080035985,0.022489494,0.020467997,0.016912675,,,0.0046960115,0.018110631,-0.022641003,0.03536284,605070083513467904,16,298.769,279.333,239.361,230.082,204.799,195.16,177.164,175.445,161.486,150.027,147.054,145.007,K5,0.9943703,0.0,0.637,0.019,0.018,4477,51,4.739,0.084,0.812,0.179,-0.485,0.048,0.6414,0.0966,0.0,1,APOGEE,,,,,,,,,,,,,,,,,,,,,,,,,,,,,,,,,,,,,,,,,,,,,,,,,,,,,,,,,,,
51,211490999,211490999.01,5,2313.328661,0.001519322,0.001908872,0.029248495,0.000472809,0.000509137,0.336812516,0.152480452,0.10307506,9.844077315,0.000575092,0.000564696,2.944808673,0.074641104,0.077025326,20.00656106,0.816225271,0.772275475,0.152387297,5479,27,4.437,0.045,-0.064,0.025, G5,0.922,0.018,0.018,0.847,0.101,0.088,0.9,1,PC,2M08431171+1300345,5532.3047,32.390392,4.5018735,0.030743575,-0.015635,0.009485306,1.5244037,-0.029939001,0.04317924,0.1261579,0.075640365,0.1590126,0.16965717,0.0720925,0.018734422,0.185311,0.029209666,0.061516196,0.021796873,0.0791175,0.07511155,0.006536003,0.020832151,-0.114498004,0.0806714,602348482997667840,5,130.286,102.056,97.163,89.032,81.182,69.441,70.655,67.239,65.524,60.342,62.006,62.302,G5,1.0634084,0.0,0.922,0.018,0.018,5479,27,4.437,0.045,0.847,0.101,-0.064,0.025,0.4415,0.2396,0.0,1,APOGEE,,,,,,,,,,,,,,,,,,,,,,,,,,,,,,,,,,,,,,,,,,,,,,,,,,,,,,,,,,,
74,211502222,211502222.01,16,3267.918714,0.005028221,0.005879755,0.015597609,0.000521907,0.000605655,0.366625085,0.229173299,0.204873011,9.398811776,0.001207975,0.000987058,1.776499036,0.1152941,0.124713264,18.57885711,2.112008362,1.296565884,0.152578919,5866,138,4.38,0.15,0.004,0.235, F5,1.043,0.061,0.058,0.957,0.415,0.291,0.8,0,KP,,,,,,,,,,,,,,,,,,,,,,,,,,,608206676654888064,16,74.677,70.659,66.855,62.314,62.998,56.798,52.765,50.205,47.019,43.416,42.569,37.218,F5,1.1373265,0.0,1.043,0.061,0.058,5866,138,4.38,0.15,0.957,0.415,0.004,0.235,0.4929,0.162,0.0,1,LAMOST,LAMOST J085057.03+131013.2,20171126HIP43121K209070_v2.9.7,132.73765,13.170356,5663.78,4.333,-0.008,2.81,4.364,0.057,-0.022,0.052,0.005,0.067,0.043,26.64,0.031,0.033,0.109,0.088,0.033,0.036,0.04,0.026,0.023,0.082,0.064,0.021,0.083,,,,,,,,,,,,,,,,,,,,,,,,,,,,,,
104,211506851,211506851.01,18,3427.378669,0.002098424,0.002765786,0.03122053,0.00101388,0.001160672,0.526169854,0.242532584,0.138861552,10.54217935,0.00071442,0.000575455,3.122902198,0.213179052,0.229301939,21.49285479,2.558491438,2.398029313,0.138508355,5441,138,4.423,0.151,0.021,0.198, G7,0.916,0.058,0.055,0.81,0.36,0.247,0.901960784,0,PC,,,,,,,,,,,,,,,,,,,,,,,,,,,603248192747218560,18,146.063,151.839,154.892,157.79,168.227,145.054,137.495,130.976,124.899,124.974,120.446,115.537,K4,0.9201837,0.0,0.916,0.058,0.055,5441,138,4.423,0.151,0.81,0.36,0.021,0.198,0.6263,0.1052,0.0,1,LAMOST,LAMOST J083701.38+131409.5,20171129HIP421120111071_v2.9.7,129.25578,13.235994,5330.28,4.444,0.026,1.019,19.506,-0.037,-0.084,0.053,0.01,0.026,0.058,57.0,0.03,0.077,0.155,0.109,0.052,0.089,0.047,0.051,0.045,0.099,0.086,0.036,0.094,,,,,,,,,,,,,,,,,,,,,,,,,,,,,,
102,211525389,211525389.01,18,3422.762543,0.000685913,0.001304827,0.03326429,0.000399668,0.000446017,0.271319131,0.135304335,0.094284366,8.267980594,0.000385478,0.000226546,3.236522277,0.064018284,0.066853611,18.37754185,0.562680204,0.527519212,0.142847685,5420,23,4.47,0.037,0.335,0.02, K1,0.891,0.014,0.014,0.854,0.084,0.074,0.94,0,KP,2M08214087+1329512,5391.2266,18.29331,4.4926534,0.016624369,0.21026,0.0049000983,1.5028996,-0.066029996,0.018684091,0.0023415983,0.027419915,0.2239336,0.06963597,-0.0004194975,0.010758712,0.117855996,0.013974572,0.079606086,0.011039317,-0.1514875,0.038094617,-0.00701499,0.00920487,-0.031910002,0.03814414,651907079835937280,5,12191.513,11446.793,11603.977,11243.573,12013.301,12091.127,13233.839,13416.568,13470.286,13699.899,14089.323,13878.951,K1,0.9234644,0.0,0.891,0.014,0.014,5420,23,4.47,0.037,0.854,0.084,0.335,0.02,0.4785,0.2193,0.0,1,APOGEE,,,,,,,,,,,,,,,,,,,,,,,,,,,,,,,,,,,,,,,,,,,,,,,,,,,,,,,,,,,
20,211529065,211529065.01,5,2307.873819,0.002490435,0.005311766,0.014930984,0.000518669,0.000545466,0.243286138,0.166628698,0.203731932,1.543446962,0.000314004,9e-05,1.245674078,0.093738932,0.103480031,6.484682329,0.497855389,0.435140764,0.074941984,4747,138,4.637,0.15,0.043,0.235, K3,0.764,0.057,0.051,0.929,0.413,0.289,0.745098039,0,KP,,,,,,,,,,,,,,,,,,,,,,,,,,,608395625151767680,5,161.224,130.583,113.799,112.633,103.537,98.161,95.964,91.535,92.425,89.685,88.99,88.862,K3,0.96823364,0.0,0.764,0.057,0.051,4747,138,4.637,0.15,0.929,0.413,0.043,0.235,0.6278,0.1045,0.0,1,LAMOST,LAMOST J084503.98+133259.3,20200411TD084656N120635K0115203_v2.9.7,131.26661,13.54983,4846.47,4.572,0.186,2.714,14.073,0.108,0.052,-0.07,-0.088,-0.029,-0.015,30.47,0.024,0.044,0.298,0.086,0.03,0.075,0.032,0.027,0.026,0.073,0.062,0.024,0.084,,,,,,,,,,,,,,,,,,,,,,,,,,,,,,
116,211535327,211535327.01,18,3424.530897,0.005390807,0.003837517,0.028731464,0.001167991,0.001127126,0.258827298,0.172241172,0.199860225,20.23715674,0.00366796,0.004090331,2.641754682,0.195321982,0.203985944,35.86730759,2.417493015,1.725426817,0.178837463,5289,138,4.556,0.15,0.079,0.235, G7,0.842,0.056,0.052,0.927,0.414,0.28,0.784313725,0,PC,,,,,,,,,,,,,,,,,,,,,,,,,,,650645699480616704,5,35120.631,34332.459,34908.912,34603.826,35348.78,35732.996,37074.148,37679.268,37493.175,39257.058,39220.638,40392.956,G7,0.974293,0.0,0.842,0.056,0.052,5289,138,4.556,0.15,0.927,0.414,0.079,0.235,0.5167,0.1914,0.0,1,GALAH,,,,,,,,,,,,,,,,,,,,,,,,,,,,,,08154548+1338104,6.506456994806167e+17,5252.861,110.80395094895461,4.4709888,0.18890724841268275,-0.39486265,0.09476431928110182,0.12806973622701887,0.054755502565217815,0.5271149396896362,0.1101250056535485,,,0.4544830131530766,0.17439878609639337,-0.03807979583740195,0.08229583384149294,0.4072236061096195,0.12616189306166295,0.3315060997009276,0.09523459877760077,0.09216796098542529,0.15503662454376954,0.1712115097045901,0.08484488492059716,0.03368980407714872,0.10228284855276899,0.15864805635037943,0.10048527298406659
22,211539054,211539054.01,5,2317.289417,0.004250579,0.004173266,0.012702998,0.000538427,0.000560505,0.666475414,0.122582391,0.085656891,11.02065979,0.001367952,0.001430506,2.061330729,0.14015301,0.146726414,15.29366858,1.685510397,1.804366682,0.174966692,6138,138,4.156,0.15,0.049,0.235, G1,1.486,0.083,0.079,1.158,0.499,0.349,0.94,0,PC,,,,,,,,,,,,,,,,,,,,,,,,,,,650623262571412480,5,55.943,49.58,46.134,41.898,41.867,36.203,33.893,32.079,30.481,27.204,25.37,23.565,G1,0.9040568,0.0,1.486,0.083,0.079,6138,138,4.156,0.15,1.158,0.499,0.049,0.235,0.31,0.3192,0.0,1,LAMOST,LAMOST J081232.67+134118.5,20191114NT081420N130253M0115195_v2.9.7,123.13615,13.688499,5917.16,4.039,-0.014,2.628,10.169,0.117,0.084,0.069,0.044,0.034,0.059,27.36,0.038,0.033,0.11,0.088,0.037,0.036,0.04,0.029,0.024,0.081,0.062,0.023,0.083,,,,,,,,,,,,,,,,,,,,,,,,,,,,,,
77,211552050,211552050.01,16,3264.95501,0.001674172,0.001825685,0.024819329,0.001163749,0.001171613,0.598383959,0.186786488,0.114633561,3.544733362,0.000111905,0.000121172,1.945974382,0.16112807,0.165964659,13.48578111,1.655395299,1.712093131,0.069654076,4587,138,4.621,0.15,-0.131,0.235, K4,0.718,0.051,0.049,0.783,0.349,0.241,0.843137255,0,PC,,,,,,,,,,,,,,,,,,,,,,,,,,,608634665851137408,16,145.564,139.362,143.034,129.189,125.411,122.501,116.253,107.812,103.676,99.702,92.829,82.811,K4,0.98209804,0.0,0.718,0.051,0.049,4587,138,4.621,0.15,0.783,0.349,-0.131,0.235,0.674,0.0722,0.0,1,LAMOST,LAMOST J085338.44+135209.5,20171230HIP435190311177_v2.9.7,133.41019,13.869325,4676.89,4.6,0.052,2.792,25.285,-0.014,-0.175,-0.119,-0.075,-0.014,-0.07,31.29,0.024,0.046,0.294,0.093,0.03,0.077,0.029,0.028,0.026,0.079,0.063,0.022,0.083,,,,,,,,,,,,,,,,,,,,,,,,,,,,,,
91,211611158,211611158.01,16,3275.006937,0.004485088,0.004502653,0.019953527,0.00071777,0.000873076,0.348367925,0.221923846,0.246531907,26.35414677,0.004256846,0.003695402,1.963211559,0.131666647,0.147447828,38.02416254,5.266290174,2.961201728,0.211509657,5721,138,4.452,0.15,-0.11,0.235, G2,0.901,0.055,0.051,0.833,0.364,0.252,0.78,0,KP,2M08410232+1441250,5694.5317,27.105095,4.4908595,0.021992672,-0.098562,0.0060125324,1.5233861,-0.071173,0.033321977,0.0926399,0.054455582,0.22058961,0.13086252,0.028219506,0.012253993,0.041742,0.01433227,0.060315,0.012532735,0.027648501,0.04510215,-0.014274001,0.012034032,-0.354179,0.061428986,609508120464763264,5,5856.189,5341.653,5540.028,5123.036,5204.889,5171.74,5023.533,5324.044,5340.608,5394.166,5327.755,5218.337,G2,1.3564779,0.0,0.901,0.055,0.051,5721,138,4.452,0.15,0.833,0.364,-0.11,0.235,0.4124,0.2427,0.0,1,APOGEE,,,,,,,,,,,,,,,,,,,,,,,,,,,,,,,,,,,,,,,,,,,,,,,,,,,,,,,,,,,
78,211619805,211619805.01,16,3266.269775,0.001219314,0.001242891,0.041348313,0.003278643,0.007465163,0.962207333,0.017707663,0.017377093,8.649927606,0.000266158,0.000276937,3.18775646,0.332962374,0.623298345,18.77349775,1.802797481,3.186861166,0.058405183,4243,138,4.646,0.151,-0.304,0.198, K5,0.706,0.053,0.048,0.805,0.375,0.251,0.788461538,0,LPPC,,,,,,,,,,,,,,,,,,,,,,,,,,,609041583936898176,16,1183.825,974.533,919.251,815.88,787.154,720.65,668.104,640.203,596.926,550.514,565.93,544.637,M3,0.977467,0.0,0.706,0.053,0.048,4243,138,4.646,0.151,0.805,0.375,-0.304,0.198,0.3284,0.3566,0.0,1,LAMOST,LAMOST J085257.19+144842.4,20181123TD084844N123545K0212240_v2.9.7,133.23832,14.811792,4391.6,4.58,0.02,2.382,7.663,-0.417,-0.008,-0.138,-0.198,0.029,-0.109,36.57,0.027,0.054,0.308,0.082,0.034,0.081,0.029,0.032,0.03,0.082,0.069,0.025,0.084,,,,,,,,,,,,,,,,,,,,,,,,,,,,,,
79,211647930,211647930.01,16,3264.396553,0.003259331,0.002539559,0.046867318,0.000505195,0.000554432,0.523305743,0.059276769,0.05117031,14.75878719,0.000882249,0.001118992,6.085196328,0.139247038,0.142370199,20.02027387,0.671400794,0.715967896,0.212832036,5763,16,4.239,0.027,0.113,0.015, G3,1.189,0.024,0.024,0.893,0.069,0.065,0.84,0,KP,,,,,,,,,,,,,,,,,,,,,,,,,,,607345660265955456,16,120.006,111.654,122.523,108.082,99.896,89.016,81.411,74.933,73.707,62.495,60.171,58.943,G3,1.0559487,0.0,1.189,0.024,0.024,5763,16,4.239,0.027,0.893,0.069,0.113,0.015,0.4245,0.2385,0.0,1,LAMOST,LAMOST J090709.42+151220.4,20181119NT090834N164206M0105095_v2.9.7,136.78928,15.205677,5692.11,4.213,-0.042,2.66,23.122,0.001,-0.119,0.087,0.031,0.066,0.038,27.05,0.031,0.034,0.111,0.136,0.032,0.048,0.041,0.027,0.026,0.2,0.062,0.022,0.082,,,,,,,,,,,,,,,,,,,,,,,,,,,,,,
80,211673349,211673349.01,16,3264.630257,0.000683845,0.00153503,0.049347307,0.000743904,0.001769869,0.256658989,0.184561477,0.250102292,4.894173242,8.76e-05,6.67e-05,3.72899834,0.264696861,0.310494501,13.66373234,1.42430684,0.357450747,0.116114423,4293,138,4.658,0.15,-0.291,0.235, K5,0.692,0.052,0.048,0.794,0.359,0.244,0.8,0,PC,,,,,,,,,,,,,,,,,,,,,,,,,,,609668172421888512,16,268.368,246.337,216.8,174.008,179.38,153.616,134.721,128.513,113.334,109.382,104.75,109.983,K5,1.021572,0.0,0.692,0.052,0.048,4293,138,4.658,0.15,0.794,0.359,-0.291,0.235,0.6383,0.096,0.0,1,LAMOST,LAMOST J084306.58+153315.5,20181217TD084806N172341K0102135_v2.9.7,130.77742,15.554317,4408.35,4.577,0.043,2.077,8.021,-0.271,-0.092,-0.17,-0.243,0.009,-0.135,42.28,0.026,0.061,0.314,0.086,0.038,0.088,0.032,0.036,0.034,0.086,0.073,0.028,0.087,,,,,,,,,,,,,,,,,,,,,,,,,,,,,,
31,211711685,211711685.01,5,2310.882911,0.007609034,0.007977443,0.012619092,0.000613912,0.000662902,0.473190039,0.13794024,0.09558725,15.46280704,0.002986449,0.003122935,1.266386454,0.064984019,0.070083852,26.63561138,0.890184736,0.851576985,0.165465051,5509,21,4.414,0.035,0.044,0.02, G7,0.919,0.016,0.015,0.802,0.073,0.068,0.901960784,1,PC,,,,,,,,,,,,,,,,,,,,,,,,,,,611385506505666688,5,68.938,55.587,46.736,43.586,37.403,33.318,28.543,25.853,24.222,23.576,22.519,20.941,G7,0.9438882,0.0,0.919,0.016,0.015,5509,21,4.414,0.035,0.802,0.073,0.044,0.02,0.4594,0.2284,0.0,1,GALAH,,,,,,,,,,,,,,,,,,,,,,,,,,,,,,08540343+1604172,6.113855065056667e+17,5506.2417,84.6087592885937,4.4715843,0.18045407941041147,0.07340622,0.06181589120548326,-0.041766116082331516,0.028162791274380306,,,,,-0.025271911621093324,0.11925695376891393,-0.05057054519653281,0.046064029278277366,-0.013990974426269176,0.06230475717662225,0.04012426376342759,0.06250915220999854,-0.0767936607891312,0.08491928532214635,-0.03802177429199194,0.051512312343225466,-0.10498064041137667,0.06760793008392524,-0.028850759328892982,0.049533890691580686
24,211713099,211713099.01,5,2308.152105,0.002482796,0.002573506,0.070930893,0.002440659,0.002391678,0.663943513,0.163836024,0.086181754,8.562116163,0.00036912,0.000401805,7.497792603,0.524788181,0.56337758,16.14955828,1.795944962,2.514866084,0.141870219,5648,138,4.399,0.15,-0.074,0.235, G4,0.968,0.065,0.059,0.852,0.376,0.259,0.826923077,1,KP,,,,,,,,,,,,,,,,,,,,,,,,,,,655863775507590400,5,163.053,143.188,127.314,117.497,99.412,86.151,84.473,80.744,94.803,90.35,78.107,74.307,G4,0.9489163,0.0,0.968,0.065,0.059,5648,138,4.399,0.15,0.852,0.376,-0.074,0.235,0.4124,0.2427,0.0,1,LAMOST,LAMOST J082053.73+160527.1,20171227HIP406750109211_v2.9.7,125.22388,16.090865,5472.53,4.345,-0.278,1.608,14.202,0.081,-0.05,0.142,0.041,0.052,0.027,49.82,0.033,0.069,0.145,0.099,0.046,0.079,0.045,0.044,0.041,0.093,0.085,0.034,0.089,,,,,,,,,,,,,,,,,,,,,,,,,,,,,,
92,211730024,211730024.01,16,3263.810407,0.000629788,0.000602347,0.038742134,0.000452745,0.000422758,0.888594689,0.011869367,0.009699466,5.113924714,6.82e-05,6.52e-05,6.134429498,0.160715837,0.166364432,7.724860254,0.320158769,0.359966685,0.113449674,6296,36,4.154,0.059,0.113,0.034, F7,1.45,0.036,0.034,1.095,0.169,0.147,0.82,0,KP,2M09055745+1619320,6206.6885,46.626877,4.2524333,0.02702,0.14618,0.0064938758,11.500059,-0.06805101,0.061788015,0.075111896,0.16544877,-0.5488064,0.1916944,-0.067461506,0.01552746,-0.021944001,0.02171205,0.04733999,0.018922634,-0.078580506,0.057529766,-0.061286606,0.016874326,-0.476001,0.11706398,610858393758591104,16,89.645,80.701,80.766,62.517,54.493,50.937,41.518,36.375,33.492,32.167,31.715,30.295,F7,1.1744359,0.0,1.45,0.036,0.034,6296,36,4.154,0.059,1.095,0.169,0.113,0.034,0.3514,0.2695,0.0,1,APOGEE,,,,,,,,,,,,,,,,,,,,,,,,,,,,,,,,,,,,,,,,,,,,,,,,,,,,,,,,,,,
81,211732116,211732116.01,16,3266.686916,0.00319534,0.003995414,0.016084577,0.00050454,0.00053031,0.235472795,0.15304396,0.139460661,4.521953379,0.000409213,0.000319601,1.593087278,0.058213153,0.06130544,11.44230264,0.332392124,0.330454274,0.124493683,5789,21,4.386,0.035,-0.292,0.02, G3,0.907,0.018,0.017,0.731,0.067,0.061,0.843137255,0,PC,,,,,,,,,,,,,,,,,,,,,,,,,,,607937055787752576,16,150.753,154.507,136.276,136.966,120.572,109.919,111.989,102.162,89.186,89.246,85.195,84.085,G3,0.9475625,0.0,0.907,0.018,0.017,5789,21,4.386,0.035,0.731,0.067,-0.292,0.02,0.3935,0.2523,0.0,1,LAMOST,LAMOST J090931.08+162120.9,20181119NT090834N164206M0104112_v2.9.7,137.3795,16.355832,5671.72,4.416,-0.339,2.542,10.736,0.106,-0.018,0.109,0.066,0.079,0.012,27.75,0.035,0.035,0.111,0.089,0.036,0.037,0.04,0.029,0.024,0.195,0.065,0.022,0.083,,,,,,,,,,,,,,,,,,,,,,,,,,,,,,
32,211736671,211736671.01,5,2307.362803,0.001179881,0.001275945,0.031504257,0.001116428,0.000850239,0.820709493,0.066109537,0.035012971,4.733896064,0.000132391,0.000116393,5.889733448,0.402388951,0.410456471,6.148499606,0.554115267,0.858019838,0.153400072,5571,138,3.995,0.15,0.11,0.235, G4,1.712,0.11,0.1,1.053,0.461,0.318,0.68627451,1,KP,,,,,,,,,,,,,,,,,,,,,,,,,,,655794055300531456,5,98.461,69.805,74.845,63.943,54.187,53.677,47.661,47.151,44.601,43.628,43.481,42.493,G4,0.9430596,0.0,1.712,0.11,0.1,5571,138,3.995,0.15,1.053,0.461,0.11,0.235,0.4554,0.2329,0.0,1,GALAH,,,,,,,,,,,,,,,,,,,,,,,,,,,,,,08133165+1625107,6.557940553005315e+17,5502.5127,94.59452785324139,4.0227537,0.1856610637676028,0.40915394,0.07757968453381014,0.07485750911455555,0.049651766000094015,,,-0.20004959106445241,0.13876950998392698,0.1049647140502934,0.14699146513336797,0.06615060806274453,0.0627960143927958,0.029626274108887074,0.09029645318677501,0.16647514343261705,0.07897456741196757,0.026820214041011613,0.11827079341430599,-0.05720207214355444,0.0672885293792848,,,0.094461147553242,0.059445613118040676
105,211754117,211754117.01,16,3272.993588,0.005707471,0.007909464,0.022424466,0.001182029,0.001313305,0.350907844,0.231850659,0.21173637,13.79884469,0.003445641,0.002324016,1.665151147,0.140878437,0.156528796,33.73192274,3.494932449,2.891285814,0.125062366,4980,138,4.686,0.15,-0.35,0.235, K0,0.68,0.05,0.045,0.824,0.366,0.254,0.807692308,0,PC,,,,,,,,,,,,,,,,,,,,,,,,,,,611525762957390592,5,236.904,193.513,179.109,168.933,160.069,143.922,144.789,138.113,138.663,130.754,125.219,127.456,K0,1.0553724,0.0,0.68,0.05,0.045,4980,138,4.686,0.15,0.824,0.366,-0.35,0.235,0.5396,0.1731,0.0,1,GALAH,,,,,,,,,,,,,,,,,,,,,,,,,,,,,,08563553+1639569,6.115257629573906e+17,4685.4443,133.8299312086101,4.558385,0.20069999385884937,-0.56245613,0.11987462181071523,0.18010234950968101,0.06995589859399161,0.17317659854888912,0.12304789300898014,,,0.8963627624511723,0.2016682831338413,-0.1381688690185543,0.1042976136031572,,,0.24780639648437486,0.11140443555189677,,,0.30963399887084986,0.10396775003796284,0.05123884201049833,0.11976276023246822,0.10887728801558592,0.15410864512163575
33,211763214,211763214.01,5,2313.578167,0.008909177,0.011891972,0.013778199,0.000522351,0.00054208,0.183154307,0.127093687,0.15523611,21.19756721,0.004636156,0.003670412,1.196140568,0.050653042,0.052859989,37.92268464,1.33960179,1.305871042,0.177428821,5288,28,4.562,0.047,-0.208,0.026, G8,0.795,0.016,0.015,0.842,0.103,0.092,0.807692308,1,KP,,,,,,,,,,,,,,,,,,,,,,,,,,,611580390645372672,5,72.067,60.851,53.372,46.192,43.205,37.658,34.134,30.678,29.038,26.975,26.202,24.522,G8,1.0383097,0.0,0.795,0.016,0.015,5288,28,4.562,0.047,0.842,0.103,-0.208,0.026,0.49,0.2075,0.0,1,GALAH,,,,,,,,,,,,,,,,,,,,,,,,,,,,,,08552113+1647389,6.115803906453727e+17,5254.451,88.9117137584736,4.526957,0.18335978461594873,-0.23024797,0.06646878488669684,0.06828723288852341,0.0325156451247951,,,,,0.1972951698303227,0.132269012131689,-0.05692201614379844,0.0535109291545886,0.15113248825073278,0.07437609100547346,0.11484226226806626,0.07023579313052387,-0.017725716352548722,0.10002033925619858,0.07964113235473658,0.058640201431484025,0.010088272094726847,0.07569012377049342,0.04119581488018925,0.05776379098859484
34,211770696,211770696.01,5,2312.973324,0.004131413,0.004500662,0.017709573,0.000332242,0.000341583,0.165778549,0.115800954,0.166390716,16.27077981,0.001681763,0.001635508,2.572067544,0.160216088,0.173555641,16.10197844,0.664301114,0.312487793,0.323180614,5792,138,4.168,0.15,-0.264,0.235, G2,1.33,0.086,0.079,0.946,0.422,0.287,0.764705882,0,KP,,,,,,,,,,,,,,,,,,,,,,,,,,,658978451430055936,5,74.697,70.573,71.602,66.715,62.934,57.286,58.536,54.705,56.913,51.871,51.257,49.77,G2,0.9762205,0.0,1.33,0.086,0.079,5792,138,4.168,0.15,0.946,0.422,-0.264,0.235,0.3933,0.2513,0.0,1,GALAH,,,,,,,,,,,,,,,,,,,,,,,,,,,,,,08310268+1654020,6.58978451430056e+17,5782.5894,97.14558513942714,4.1466603,0.1876695726437795,-0.35957956,0.09466860327740616,0.19596903393920562,0.0486595942847252,,,0.1771939277648933,0.15160320392124338,0.17415521621704144,0.16577176504952698,0.09557146072387734,0.07586234722694711,0.22166719436645543,0.11401110081912982,0.13590940475463853,0.09011742849700528,0.25910975981078976,0.14310713550930762,0.15008666992187525,0.07912768774141281,0.2198761177062991,0.09679246828776139,0.23142189315886835,0.11253903695930478
27,211770867,211770867.01,5,2314.871285,0.000125462,0.000125162,0.138671052,0.000161056,0.000156045,0.507251049,0.006727485,0.006546141,27.69348128,0.000101265,9.83e-05,27.19661047,1.635735925,1.741699969,27.97916702,0.124688554,0.126614764,0.321257182,6155,138,4.085,0.15,-0.118,0.235, F2,1.796,0.115,0.108,1.439,0.612,0.442,0.76,0,LPPC,,,,,,,,,,,,,,,,,,,,,,,,,,,656575296969639680,5,92.432,78.08,71.829,58.396,56.951,50.963,46.637,40.714,39.17,35.452,35.295,32.032,F2,0.90541625,0.0,1.796,0.115,0.108,6155,138,4.085,0.15,1.439,0.612,-0.118,0.235,0.3448,0.2668,0.0,1,LAMOST,LAMOST J081205.43+165410.7,20171227HIP406750116079_v2.9.7,123.02266,16.902994,6079.54,3.892,-0.27,1.55,12.76,0.137,0.077,0.167,0.122,0.032,0.096,31.81,0.04,0.045,0.076,0.091,0.04,0.046,0.044,0.036,0.03,0.192,0.072,0.026,0.085,,,,,,,,,,,,,,,,,,,,,,,,,,,,,,
28,211779390,211779390.01,5,2308.524005,0.00273804,0.005647012,0.016003853,0.000732274,0.000956405,0.368803168,0.237138217,0.215919179,3.850922492,0.000451754,0.000325356,1.130710624,0.092680082,0.106361162,15.67518905,1.514412484,1.267569924,0.074076525,4358,138,4.743,0.15,-0.306,0.235, K5,0.647,0.047,0.044,0.849,0.396,0.268,0.703703704,0,KP,,,,,,,,,,,,,,,,,,,,,,,,,,,656201703533465088,5,127.595,113.854,106.112,100.428,86.711,82.394,79.494,78.349,77.912,76.758,77.193,75.958,K5,1.1060755,0.0,0.647,0.047,0.044,4358,138,4.743,0.15,0.849,0.396,-0.306,0.235,0.6383,0.096,0.0,1,LAMOST,LAMOST J081726.64+170127.4,20171227HIP406750115216_v2.9.7,124.36103,17.024292000000003,4430.81,4.734,-0.287,2.083,15.565,-0.09,-0.126,0.138,0.082,-0.023,-0.014,47.65,0.033,0.068,0.31,0.094,0.043,0.1,0.035,0.037,0.038,0.089,0.08,0.033,0.088,,,,,,,,,,,,,,,,,,,,,,,,,,,,,,
110,211784767,211784767.01,18,3420.309475,0.00880916,0.004028849,0.013696111,0.000418534,0.000431358,0.221706527,0.15583127,0.199094308,3.580481393,0.000924702,0.001396442,2.363072207,0.150122894,0.161721978,5.752444924,0.338910102,0.407830419,0.196954938,6044,138,4.149,0.15,-0.075,0.235, F8,1.58,0.096,0.088,1.288,0.554,0.39,0.901960784,0,PC,,,,,,,,,,,,,,,,,,,,,,,,,,,656085876855900032,5,57.384,46.319,42.874,40.576,36.318,33.163,31.349,28.043,26.654,24.818,24.296,23.148,F8,1.2943647,0.0,1.58,0.096,0.088,6044,138,4.149,0.15,1.288,0.554,-0.075,0.235,0.3469,0.291,0.0,1,LAMOST,LAMOST J082403.32+170556.1,20181219TD082325N180811K0105146_v2.9.7,126.01384,17.098944,5954.55,3.768,-0.444,0.1,30.0,-0.5,-0.5,0.319,0.362,0.5,0.333,29.31,0.058,0.037,0.113,0.181,0.044,0.037,0.058,0.037,0.036,0.197,0.058,0.044,0.135,,,,,,,,,,,,,,,,,,,,,,,,,,,,,,
35,211800191,211800191.01,5,2307.749311,0.000417985,0.000414567,0.041827645,0.00146183,0.001413357,0.95725915,0.005089676,0.003972549,1.106178075,1.16e-05,1.16e-05,5.261850817,0.211787869,0.204229601,2.848627758,0.069513712,0.092343828,0.051001066,5901,15,4.229,0.024,-0.56,0.013, F9,1.152,0.022,0.023,0.82,0.058,0.053,0.88,0,LPPC,,,,,,,,,,,,,,,,,,,,,,,,,,,611777482400518912,5,79.564,60.747,77.844,92.57,107.398,110.389,117.034,115.322,116.626,118.391,116.108,111.003,F9,1.2337321,0.0,1.152,0.022,0.023,5901,15,4.229,0.024,0.82,0.058,-0.56,0.013,0.3532,0.2606,0.0,1,GALAH,,,,,,,,,,,,,,,,,,,,,,,,,,,,,,08513234+1719113,6.117774824005189e+17,5915.483,104.87851879972577,4.2460513,0.18373725950490696,-0.70298386,0.12843459842243213,0.21349726767677085,0.06351021387458688,1.7238447189331054,0.11998235936232945,0.5748880386352546,0.16988353858383087,0.3010897445678715,0.19502946085763556,0.3135966682434086,0.09871587790296647,0.16428556442260778,0.15837185605004825,0.2362779045104979,0.10746852983878206,0.15147752156218475,0.18474705598677055,0.29777362823486353,0.09917171298979006,-0.03743045806884737,0.11549093927351782,0.602209686116058,0.17845572353751288
36,211816003,211816003.01,5,2311.861984,0.004195929,0.003675344,0.031709116,0.00064787,0.000916534,0.303752901,0.205081469,0.214796247,14.45080909,0.001730987,0.00168429,2.766645738,0.17228142,0.197016426,29.95808997,2.951556797,1.397939658,0.151417128,5381,138,4.555,0.15,-0.119,0.235, G7,0.799,0.052,0.047,0.837,0.364,0.258,0.846153846,1,KP,,,,,,,,,,,,,,,,,,,,,,,,,,,659826037455527040,5,160.44,137.304,117.488,110.957,97.848,91.647,81.023,75.46,73.228,72.87,70.344,70.136,G7,0.96787333,0.0,0.799,0.052,0.047,5381,138,4.555,0.15,0.837,0.364,-0.119,0.235,0.4415,0.2396,0.0,1,GALAH,,,,,,,,,,,,,,,,,,,,,,,,,,,,,,08502906+1732328,6.59826037455527e+17,5275.79,123.45427920431622,4.5033293,0.190424394308475,-0.4286518,0.10567836571721965,0.17681226575454875,0.060993613553343935,0.6410927295684814,0.11747567659624635,,,0.48149917602539105,0.18967853823286954,0.08387941360473672,0.09432076074401093,0.18718805313110387,0.1495940710176681,0.1786430740356444,0.10429586502067242,0.28906360819040683,0.17688947271520816,0.17576625823974634,0.09537042609552109,0.15556795120239286,0.11205519321204456,0.17564214313092116,0.139736754013991
111,211830266,211830266.01,18,3423.771679,6.17e-05,6.95e-05,0.232349776,0.000254078,0.000230751,0.425994238,0.005017981,0.00467648,7.740914482,2.16e-05,2.28e-05,40.54540767,2.91818532,3.273312501,14.77364021,0.03457453,0.036460545,0.193063397,4578,141,3.577,0.154,-0.214,0.25, K4,1.598,0.129,0.115,0.352,0.168,0.111,0.94,0,LPPC,,,,,,,,,,,,,,,,,,,,,,,,,,,657247717049167488,18,846.281,825.627,736.583,626.123,610.549,520.17,467.402,431.88,402.149,381.403,367.534,354.297,M3,0.977467,0.0,1.598,0.129,0.115,4578,141,3.577,0.154,0.352,0.168,-0.214,0.25,0.3284,0.3566,0.0,1,LAMOST,LAMOST J081214.23+174447.7,20171202kp2_05_20115006_v2.9.7,123.05933,17.746605,6268.53,4.155,-0.074,0.964,6.58,0.038,0.002,0.091,0.083,-0.014,0.046,41.18,0.04,0.059,0.096,0.158,0.044,0.072,0.064,0.041,0.039,0.089,0.079,0.038,0.086,,,,,,,,,,,,,,,,,,,,,,,,,,,,,,
83,211839546,211839546.01,16,3263.520172,0.003629418,0.005922124,0.014011809,0.000545637,0.000532977,0.521205395,0.10903973,0.07801475,23.53235657,0.002154165,0.002551303,2.035019092,0.093152091,0.091592986,26.95665395,1.453353204,1.404686924,0.241739736,6305,45,4.214,0.062,-0.045,0.036, F6,1.33,0.032,0.032,1.056,0.169,0.148,0.86,0,LPPC,,,,,,,,,,,,,,,,,,,,,,,,,,,635135537484904448,16,76.051,73.531,66.95,71.523,63.408,63.34,55.297,49.9,46.426,41.38,39.83,36.629,F6,1.1045506,0.0,1.33,0.032,0.032,6305,45,4.214,0.062,1.056,0.169,-0.045,0.036,0.3201,0.305,0.0,1,LAMOST,LAMOST J091014.74+175233.0,20171227HIP456990114180_v2.9.7,137.56146,17.875856,6118.76,4.07,-0.142,2.499,22.691,0.113,0.068,0.097,0.063,0.016,0.067,27.53,0.04,0.035,0.063,0.089,0.037,0.038,0.041,0.03,0.028,0.194,0.069,0.025,0.084,,,,,,,,,,,,,,,,,,,,,,,,,,,,,,
84,211859295,211859295.01,16,3268.177872,0.003526742,0.002762997,0.032497748,0.001074442,0.001518253,0.391169646,0.230398958,0.194775213,11.09226019,0.000695762,0.000858923,2.494774119,0.192459612,0.218260767,28.25191119,2.935308865,2.048944807,0.119439941,4496,138,4.611,0.15,-0.063,0.235, K5,0.703,0.052,0.049,0.74,0.324,0.229,0.8,0,PC,,,,,,,,,,,,,,,,,,,,,,,,,,,660101568197506304,16,224.318,209.124,200.546,177.925,167.453,150.425,133.325,116.779,110.176,106.072,107.432,99.749,K5,0.96893436,0.0,0.703,0.052,0.049,4496,138,4.611,0.15,0.74,0.324,-0.063,0.235,0.674,0.0722,0.0,1,LAMOST,LAMOST J084730.97+180847.3,20181217TD084806N172341K0115178_v2.9.7,131.87908,18.146493,4555.08,4.582,0.011,1.785,11.294,-0.266,-0.065,-0.074,-0.079,-0.122,-0.11,42.93,0.028,0.062,0.304,0.086,0.039,0.093,0.033,0.036,0.034,0.085,0.073,0.028,0.086,,,,,,,,,,,,,,,,,,,,,,,,,,,,,,
112,211885995,211885995.01,18,3427.884684,0.011618151,0.017908234,0.046727814,0.001335273,0.001574557,0.06902452,0.046435766,0.070573555,9.863717847,0.006848339,0.005667371,3.08711976,0.131078447,0.142199176,20.53266516,1.496595341,2.568923202,0.159779241,3676,138,4.645,0.043,0.098,0.235, M1,0.605,0.019,0.019,0.589,0.046,0.043,0.62745098,0,FP,,,,,,,,,,,,,,,,,,,,,,,,,,,660210522927784576,5,586.354,484.505,470.207,488.398,447.249,418.271,411.887,395.702,388.668,365.044,342.746,349.13,M1,3.3971117,0.0,0.605,0.019,0.019,3676,138,4.645,0.042,0.589,0.046,0.098,0.235,0.4996,0.2285,0.0,1,LAMOST,LAMOST J084926.72+183119.3,20181217TD084806N172341K0115132_v2.9.7,132.36135,18.522041,4041.5,4.625,-0.206,1.235,20.584,-0.081,-0.23,0.132,0.222,0.038,-0.223,62.21,0.035,0.082,0.299,0.097,0.055,0.13,0.041,0.046,0.045,0.105,0.09,0.04,0.088,,,,,,,,,,,,,,,,,,,,,,,,,,,,,,
30,211897272,211897272.01,5,2310.568736,0.003116317,0.003177305,0.026615075,0.002358732,0.006004815,0.958285227,0.032325471,0.022402894,11.23567607,0.000936878,0.000977368,2.705826923,0.293121287,0.635702652,21.5095752,3.787675617,3.900624599,0.061236914,5348,138,4.546,0.15,0.035,0.235, G9,0.931,0.061,0.058,1.12,0.496,0.342,0.8,0,PC,,,,,,,,,,,,,,,,,,,,,,,,,,,662491665958942848,5,93.138,87.356,90.395,84.704,81.037,71.897,72.514,67.571,68.609,61.814,58.229,57.525,G9,1.1550348,0.0,0.931,0.061,0.058,5348,138,4.546,0.15,1.12,0.496,0.035,0.235,0.5112,0.1728,0.0,1,LAMOST,LAMOST J082735.95+184112.3,20181227TD082325N180811K0109183_v2.9.7,126.89982,18.686767,5193.44,4.424,-0.028,1.362,14.043,-0.061,0.045,-0.062,-0.018,-0.045,-0.034,46.85,0.029,0.066,0.141,0.098,0.043,0.076,0.043,0.042,0.039,0.092,0.077,0.033,0.088,,,,,,,,,,,,,,,,,,,,,,,,,,,,,,
85,211897691,211897691.01,16,3264.076003,0.002397882,0.002494903,0.03229604,0.001566343,0.001613266,0.831827502,0.045554861,0.038529736,5.751158737,0.000281462,0.000269961,2.302953102,0.194066222,0.204671636,18.96490565,1.928053175,1.957028606,0.059018815,5058,147,4.629,0.152,-0.159,0.242, K2,0.653,0.048,0.045,0.662,0.305,0.203,0.88,0,PC,,,,,,,,,,,,,,,,,,,,,,,,,,,659493675706526848,5,350.068,392.291,356.038,356.951,390.403,399.021,350.237,356.488,364.541,306.758,404.703,337.76,,,,0.765,5.932,0.076,4801,57,4.578,0.06,0.823,0.295,-0.085,0.2,0.6263,0.1052,0.0,1,LAMOST,LAMOST J084019.81+184134.4,20181217TD084806N172341K0116023_v2.9.7,130.08254,18.692905,4729.45,4.626,-0.018,2.198,20.445,-0.017,0.094,-0.045,-0.114,-0.003,-0.032,44.29,0.026,0.063,0.3,0.092,0.04,0.091,0.034,0.036,0.036,0.081,0.074,0.028,0.088,,,,,,,,,,,,,,,,,,,,,,,,,,,,,,
93,211913977,211913977.01,16,3273.63911,0.004252602,0.002228659,0.024333714,0.000940217,0.000849746,0.50125112,0.149722279,0.089973812,14.67768864,0.001146578,0.001110897,2.006217384,0.091085936,0.086354747,32.86740941,1.85266642,1.697861496,0.126998655,4694,39,4.637,0.064,0.109,0.036, K3,0.755,0.019,0.018,0.903,0.151,0.131,0.764705882,0,KP,2M08412258+1856020,4831.561,12.700132,4.5749674,0.01698543,0.13207,0.0060895737,4.252164,-0.013059005,0.013257286,-0.0427571,0.013925574,0.048633605,0.05531515,0.00015950203,0.011804456,0.0044959933,0.016543377,0.00040200353,0.011718822,-0.0688595,0.04358132,0.031955004,0.010104017,0.0024199933,0.026084743,661004400386393984,5,461.22,466.604,427.99,457.652,466.658,423.342,514.535,445.853,502.67,440.941,467.872,459.169,K3,0.9939663,0.0,0.755,0.019,0.018,4694,39,4.637,0.064,0.903,0.151,0.109,0.036,0.6323,0.1054,0.0,1,APOGEE,,,,,,,,,,,,,,,,,,,,,,,,,,,,,,,,,,,,,,,,,,,,,,,,,,,,,,,,,,,
37,211923431,211923431.01,5,2310.817874,0.005256768,0.005198453,0.025694586,0.000894651,0.000981757,0.362096182,0.22579525,0.196409635,29.73467631,0.004630778,0.004537803,3.212696866,0.240803407,0.255840067,41.19351149,4.204612819,2.921046991,0.220515175,5395,138,4.487,0.15,-0.273,0.235, G6,1.145,0.08,0.076,1.471,0.657,0.455,0.84,0,KP,,,,,,,,,,,,,,,,,,,,,,,,,,,662705555330268928,5,158.995,135.551,137.633,130.402,118.063,110.376,101.612,97.323,89.246,85.13,87.021,85.702,G6,1.0148417,0.0,1.145,0.08,0.076,5395,138,4.487,0.15,1.471,0.657,-0.273,0.235,0.421,0.2521,0.0,1,GALAH,,,,,,,,,,,,,,,,,,,,,,,,,,,,,,08314496+1904288,6.627055553302689e+17,5504.5073,98.43288007074666,4.3041935,0.18884927236248944,0.14937878,0.0900986433457059,0.028473833658381957,0.0517145294378063,0.2534858703613281,0.11182445767274742,0.07624893188476634,0.15938815207516077,-0.020734329223632386,0.17787611841473555,0.025054397583008203,0.08496266998457297,0.09257545471191442,0.13128070929407232,0.11929878234863267,0.09729696043985758,-0.08756041771866328,0.15993079160806584,0.02786376953125025,0.08719626362122357,-0.004070453643798544,0.10450158578272176,0.021372260031254014,0.10380686766973449
38,211942755,211942755.01,5,2322.83246,0.005130432,0.005112623,0.028793619,0.00207629,0.002040845,0.726883594,0.088617455,0.059821398,19.72907098,0.004473011,0.004777273,2.238715395,0.175628659,0.173098959,39.96120774,2.835457447,2.814163626,0.114420355,4735,55,4.619,0.091,-0.535,0.052, K3,0.712,0.022,0.022,0.769,0.187,0.151,0.84,0,PC,,,,,,,,,,,,,,,,,,,,,,,,,,,663467173291687552,5,277.943,219.513,202.66,174.042,161.659,137.459,127.117,122.145,116.358,115.112,110.432,102.948,K3,1.042354,0.0,0.712,0.022,0.022,4735,55,4.619,0.091,0.769,0.187,-0.535,0.052,0.5916,0.1322,0.0,1,GALAH,,,,,,,,,,,,,,,,,,,,,,,,,,,,,,08180873+1921583,6.634671732916876e+17,4725.963,163.47098492711277,4.5568004,0.21122081870803647,-0.7426133,0.15075275133075244,0.4400765505353525,0.0871488617082981,0.4972950935363769,0.13895657070008907,,,1.3543596076965336,0.23774393425049498,0.15716213226318398,0.13700743102310037,,,0.6016186141967772,0.13278569874735624,,,0.4938757705688479,0.1314805641118058,0.22073394775390653,0.14313622426601075,0.7436921636457452,0.19995480394466827
86,211956663,211956663.01,16,3266.890451,0.011411681,0.014024252,0.014298855,0.000354872,0.000334799,0.063279898,0.044927511,0.069847317,5.492479216,0.00178341,0.001357136,3.658442125,0.129347845,0.13043928,6.066296444,0.156344544,0.174273746,0.293123483,6733,12,3.995,0.017,0.011,0.01, F0,2.343,0.063,0.059,1.981,0.134,0.126,0.784313725,0,LPPC,,,,,,,,,,,,,,,,,,,,,,,,,,,660542025683496832,16,139.769,134.452,127.242,119.708,124.132,104.978,103.871,102.705,94.328,90.503,87.526,82.537,F0,4.1137815,0.0,2.343,0.063,0.059,6733,12,3.995,0.017,1.981,0.134,0.011,0.01,0.3079,0.2774,0.0,1,LAMOST,LAMOST J085741.91+193431.1,20171231kp2_05_90114179_v2.9.7,134.42463,19.575318,6475.29,3.659,-0.102,2.596,21.144,0.092,0.069,0.102,0.064,0.013,0.098,26.79,0.047,0.034,0.062,0.138,0.043,0.048,0.044,0.029,0.026,0.196,0.148,0.026,0.081,,,,,,,,,,,,,,,,,,,,,,,,,,,,,,
103,211990866,211990866.01,18,3419.192707,0.000551518,0.000476616,0.029560671,0.000604052,0.000592795,0.745939877,0.017489963,0.016051124,1.67384749,4.17e-05,3.98e-05,3.89945453,0.102554314,0.101404845,5.430957515,0.136139909,0.145004531,0.069817233,6116,16,4.396,0.022,0.274,0.013, G1,1.208,0.02,0.02,1.326,0.08,0.079,0.92,0,KP,2M08382429+2006217,6009.632,27.651573,4.3762264,0.01646092,0.28132,0.003914723,13.70566,-0.16342,0.0293983,0.089993894,0.06346096,-0.1808014,0.091772944,-0.07677151,0.009901733,0.005905986,0.01172373,0.050746977,0.010592671,-0.12161152,0.033285666,-0.019992024,0.008565071,-0.064135015,0.059660334,664337230586013312,5,383.711,450.869,435.472,468.221,440.238,440.286,433.054,634.212,569.39,592.985,593.96,614.093,G1,0.9493312,0.0,1.208,0.02,0.02,6116,16,4.396,0.022,1.326,0.08,0.274,0.013,0.381,0.2799,0.0,1,APOGEE,,,,,,,,,,,,,,,,,,,,,,,,,,,,,,,,,,,,,,,,,,,,,,,,,,,,,,,,,,,
52,212006344,212006344.01,5,2308.829942,0.000900114,0.000948902,0.01899695,0.000443725,0.000429192,0.712711588,0.029632622,0.025718108,2.219394428,7.66e-05,5.74e-05,1.273722701,0.047743496,0.04714245,9.867105842,0.300325964,0.283203841,0.052190381,3740,93,4.642,0.027,0.067,0.17, M1,0.614,0.018,0.018,0.603,0.015,0.015,0.84,1,KP,2M08255432+2021344,3981.9316,6.6153708,4.6212654,0.0144270165,0.12438,0.006580711,1.5060868,0.0082580075,0.008259025,-0.060316093,0.0071843723,,,-0.06513149,0.0113461735,,,-0.044547,0.01054476,,,-0.039922997,0.009205552,-0.142296,0.013567288,663843343706623232,5,77.457,65.304,62.457,61.422,58.639,54.843,52.273,48.694,47.641,45.993,43.479,40.88,M1,1.2079023,0.0,0.614,0.018,0.018,3740,93,4.642,0.028,0.603,0.015,0.067,0.17,0.4996,0.2285,0.0,1,APOGEE,,,,,,,,,,,,,,,,,,,,,,,,,,,,,,,,,,,,,,,,,,,,,,,,,,,,,,,,,,,
31,212012119,212012119.01,5,2309.134521,0.000720609,0.000733461,0.026725255,0.000368988,0.000666185,0.275596769,0.176797957,0.192563695,3.280828845,5.78e-05,8.58e-05,2.057470481,0.137218883,0.154670498,12.77798997,0.982960301,0.498702404,0.080913703,4789,138,4.674,0.15,-0.108,0.235, K3,0.705,0.05,0.046,0.852,0.388,0.258,0.811320755,1,KP,,,,,,,,,,,,,,,,,,,,,,,,,,,661598415839633024,5,85.903,75.899,77.328,72.615,67.66,60.29,64.69,58.007,53.284,50.563,48.653,47.724,K3,1.2049792,0.0,0.705,0.05,0.046,4789,138,4.674,0.15,0.852,0.388,-0.108,0.235,0.6263,0.1052,0.0,1,LAMOST,LAMOST J084840.77+202718.2,20171231kp2_05_80103110_v2.9.7,132.16989,20.455076,4843.57,4.618,0.008,2.869,9.452,0.293,0.029,-0.047,-0.083,0.027,-0.038,27.17,0.025,0.036,0.296,0.085,0.028,0.071,0.031,0.026,0.023,0.072,0.06,0.021,0.08,,,,,,,,,,,,,,,,,,,,,,,,,,,,,,
87,212036875,212036875.01,16,3265.679792,0.000400113,0.000386145,0.061839209,0.000495553,0.000493859,0.933539588,0.002102174,0.00215925,5.169911752,4.71e-05,5.01e-05,10.04147549,0.187017801,0.193021006,8.72650254,0.094829922,0.094039646,0.095468925,6283,11,4.176,0.016,-0.303,0.009, F6,1.487,0.026,0.025,1.209,0.063,0.059,0.826923077,0,KP,,,,,,,,,,,,,,,,,,,,,,,,,,,684893489523382144,16,115.283,114.927,109.481,104.802,102.396,91.854,96.04,88.206,93.501,93.07,88.849,88.336,F6,0.94653356,0.0,1.487,0.026,0.025,6283,11,4.176,0.016,1.209,0.063,-0.303,0.009,0.3098,0.3036,0.0,1,LAMOST,LAMOST J085845.66+205208.3,20181125TD085754N225914K0101100_v2.9.7,134.69028,20.868979,6091.53,4.014,-0.323,2.676,9.974,0.127,0.058,0.142,0.115,0.045,0.04,27.81,0.042,0.035,0.063,0.088,0.041,0.037,0.041,0.03,0.027,0.192,0.066,0.025,0.084,,,,,,,,,,,,,,,,,,,,,,,,,,,,,,
88,212041476,212041476.01,16,3262.558888,0.000941443,0.001008612,0.020801644,0.000390268,0.000427579,0.776784902,0.021408173,0.020011143,2.783719443,6.62e-05,6.67e-05,2.146604851,0.052753347,0.055748243,9.16742243,0.295844247,0.293625114,0.064071011,5704,22,4.536,0.035,0.112,0.019, G4,0.945,0.015,0.015,1.117,0.103,0.092,0.784313725,0,PC,,,,,,,,,,,,,,,,,,,,,,,,,,,684897166015385216,16,80.324,76.972,73.518,62.862,63.559,62.474,57.128,57.856,53.389,53.546,48.711,47.254,G4,1.4739068,0.0,0.945,0.015,0.015,5704,22,4.536,0.035,1.117,0.103,0.112,0.019,0.4096,0.2602,0.0,1,LAMOST,LAMOST J085831.90+205704.6,20200310TD085754N225914K0101091_v2.9.7,134.63293,20.951289,5593.6,4.419,-0.003,2.752,6.306,0.04,-0.045,0.031,-0.008,0.044,0.002,27.13,0.032,0.034,0.11,0.088,0.033,0.048,0.035,0.026,0.024,0.082,0.062,0.021,0.083,,,,,,,,,,,,,,,,,,,,,,,,,,,,,,
53,212066407,212066407.01,5,2307.36538,0.000721441,0.000710174,0.033560958,0.003988927,0.004417025,0.988353431,0.008093914,0.007414723,0.821823364,1.42e-05,1.41e-05,10.06736112,1.559739388,1.81885418,1.826436754,0.056108638,0.077033431,0.043502509,6000,17,4.368,0.027,-0.055,0.015, G1,2.747,0.34,0.273,6.44,1.757,1.288,0.8,1,LPPC,2M08392124+2123270,5890.497,39.333683,4.353778,0.029254697,-0.04267,0.007876711,4.490968,-0.047560003,0.053783182,-0.0414431,0.11176606,0.0709596,0.19589819,-0.0507345,0.016488757,0.117376,0.022744732,-0.022775006,0.018959176,-0.113464504,0.06378279,0.10934299,0.018343942,0.21999599,0.09829549,664752463726797696,5,96.484,93.531,90.352,87.605,81.355,68.845,72.433,65.11,66.848,65.805,60.771,60.176,G1,4.9710383,0.0,2.747,0.34,0.273,6000,17,4.368,0.027,6.44,1.757,-0.055,0.015,0.3745,0.259,0.0,1,APOGEE,,,,,,,,,,,,,,,,,,,,,,,,,,,,,,,,,,,,,,,,,,,,,,,,,,,,,,,,,,,
33,212069861,212069861.01,5,2314.490642,0.001797331,0.002888654,0.043031375,0.001022928,0.001022795,0.495840548,0.071338103,0.059400131,30.95414408,0.001313962,0.001430146,2.842910821,0.108265201,0.108259716,58.01768967,1.76402018,1.909000447,0.15584657,3805,138,4.652,0.028,-0.085,0.235, M1,0.605,0.018,0.018,0.598,0.017,0.017,0.846153846,1,KP,,,,,,,,,,,,,,,,,,,,,,,,,,,685065155072248192,5,290.011,266.133,259.393,230.725,254.256,229.355,225.596,206.719,228.57,216.526,208.054,210.21,M1,1.1113062,0.0,0.605,0.018,0.018,3805,138,4.652,0.029,0.598,0.017,-0.085,0.235,0.3803,0.3384,0.0,1,LAMOST,LAMOST J085746.59+212711.7,20190224TD085754N225914K0201168_v2.9.7,134.44414,21.453275,3994.8,4.1,-0.227,1.33,22.13,-0.129,0.045,0.075,0.436,0.14,-0.2,55.91,0.034,0.077,0.298,0.094,0.05,0.127,0.037,0.042,0.042,0.136,0.086,0.038,0.088,,,,,,,,,,,,,,,,,,,,,,,,,,,,,,
121,212085740,212085740.01,18,3420.666796,0.000935895,0.00091426,0.072473931,0.001386325,0.001459584,0.689664358,0.051836783,0.044960761,2.42283026,9.83e-05,0.000112532,9.267473474,0.30913272,0.321003657,6.061362843,0.389690153,0.373871729,0.104821949,5723,29,4.294,0.048,-0.178,0.028, G3,1.171,0.033,0.032,0.985,0.13,0.115,0.722222222,0,FP,,,,,,,,,,,,,,,,,,,,,,,,,,,665723813531219456,5,19844.982,16707.205,18248.56,17361.762,18065.405,17355.78,17258.204,17276.699,17264.384,17423.396,17648.048,17296.934,G3,1.0005517,0.0,1.171,0.033,0.032,5723,29,4.294,0.048,0.985,0.13,-0.178,0.028,0.3858,0.2711,0.0,1,GALAH,,,,,,,,,,,,,,,,,,,,,,,,,,,,,,08302502+2144494,6.657238135312195e+17,5550.404,105.294427632353,4.20767,0.18946968771665082,-0.26352692,0.0985142312454576,0.03328990084218689,0.051005861533005514,0.7805766582489013,0.10855972036893818,0.4468973159790046,0.1551534710158156,0.4884075927734379,0.17122586690754216,-0.07183414459228477,0.07989913151624833,-0.016813373565673473,0.12160183017409121,0.13647493362426744,0.09335266258205573,0.10095447050392899,0.15061330046807633,0.050751476287842046,0.08272265565821117,0.05021507263183622,0.10026116250867068,0.021382035165724646,0.11856253002684715
90,212110007,212110007.01,16,3271.444479,0.001437231,0.001649924,0.072067001,0.00850286,0.013256758,0.959783192,0.020310208,0.02368906,16.70992215,0.000639119,0.000624631,8.877040222,1.234349824,1.779924586,22.36547645,1.205459462,1.731653769,0.113601438,5035,138,4.474,0.15,-0.274,0.235, G9,1.128,0.09,0.083,1.385,0.621,0.43,0.884615385,0,FP,,,,,,,,,,,,,,,,,,,,,,,,,,,686020218359912064,5,1932.144,1635.894,1530.701,1628.405,1571.615,1589.001,1616.986,1702.376,1716.097,1682.393,1575.748,1588.452,G9,2.0976868,0.0,1.128,0.09,0.083,5035,138,4.474,0.15,1.385,0.621,-0.274,0.235,0.5396,0.1731,0.0,1,LAMOST,LAMOST J085314.60+221307.9,20200310TD085754N225914K0105191_v2.9.7,133.31087,22.218875,4947.16,4.303,-0.246,1.152,26.751,-0.305,-0.025,0.174,0.029,0.024,0.12,39.94,0.037,0.057,0.332,0.093,0.037,0.067,0.037,0.036,0.034,0.089,0.071,0.03,0.087,,,,,,,,,,,,,,,,,,,,,,,,,,,,,,
39,212110888,212110888.01,5,2308.35117,9.42e-05,9.43e-05,0.091200048,0.000152273,0.000150818,0.869959237,0.001260169,0.001250396,2.995634794,6.57e-06,6.31e-06,13.97254047,0.289753018,0.289735155,5.845089426,0.022669974,0.023181484,0.107686296,6139,16,4.226,0.025,0.023,0.013, F9,1.403,0.029,0.029,1.21,0.09,0.082,0.88,1,KP,,,,,,,,,,,,,,,,,,,,,,,,,,,665757593450097920,5,88.242,77.15,75.691,65.98,61.368,52.725,58.451,52.38,48.519,39.006,43.424,33.522,F9,1.1001163,0.0,1.403,0.029,0.029,6139,16,4.226,0.025,1.21,0.09,0.023,0.013,0.31,0.3192,0.0,1,GALAH,,,,,,,,,,,,,,,,,,,,,,,,,,,,,,08301891+2214092,6.657575934500979e+17,5986.2256,111.5337454300626,4.162268,0.1854395335199658,0.01895094,0.12269448661639248,-0.016912215609112987,0.06602406183398801,1.0607950210571289,0.12437540277658427,0.011294651031494851,0.17548739648828232,-0.10341932296752887,0.2045752408241029,-0.04416185379028281,0.10678590382157686,-0.04652462005615199,0.17476071174248117,-0.04047599792480483,0.11312773260158206,-0.030083250074535356,0.19901201899705898,-0.04851839065551733,0.10609505862161521,-0.02785699844360323,0.12163635472192101,0.09537345246338029,0.15766169231734034
35,212157262,212157262.01,5,2308.765114,0.002920825,0.002426557,0.018270351,0.000531095,0.000616552,0.309114591,0.196801112,0.203704985,2.871799699,0.000162242,0.000156642,1.795610096,0.121513276,0.132392928,9.279398003,0.798179348,0.490148589,0.095752077,5404,138,4.48,0.15,0.112,0.235, G7,0.9,0.059,0.055,0.899,0.396,0.275,0.769230769,0,KP,,,,,,,,,,,,,,,,,,,,,,,,,,,689268759823937280,5,156.53,136.205,133.53,139.155,148.171,130.893,138.97,120.76,128.368,129.82,122.997,118.854,G7,1.0054306,0.0,0.9,0.059,0.055,5404,138,4.48,0.15,0.899,0.396,0.112,0.235,0.4603,0.2291,0.0,1,LAMOST,LAMOST J085005.65+231132.8,20190324TD085754N225914K0114073_v2.9.7,132.52356,23.192471,5361.62,4.467,0.113,2.69,18.96,-0.065,-0.0,-0.02,-0.054,0.007,0.05,28.36,0.028,0.039,0.114,0.088,0.03,0.052,0.035,0.028,0.026,0.082,0.057,0.022,0.083,,,,,,,,,,,,,,,,,,,,,,,,,,,,,,
54,212164470,212164470.01,5,2307.465002,0.00306066,0.002846668,0.010871077,0.000411415,0.00041272,0.297855343,0.185376803,0.152684106,1.743112871,0.000160436,0.000189411,1.407926228,0.065438078,0.066270531,5.113532597,0.276228124,0.211954812,0.105449899,5907,42,4.269,0.07,-0.063,0.041, G2,1.186,0.033,0.032,0.954,0.176,0.149,0.722222222,0,KP,2M08391527+2321269,5873.3164,34.047356,4.3339324,0.02483432,-0.02812,0.0065412447,3.4335234,-0.029662002,0.04380458,0.18273789,0.08577585,0.1501946,0.15963915,-0.00053649396,0.013928599,0.13173999,0.017679537,0.0616097,0.015249088,-0.082810506,0.05202737,-0.020523,0.014446066,-0.29103598,0.08105041,666195851913506816,5,97.329,91.027,79.272,71.851,64.732,59.364,56.42,51.303,51.664,50.366,49.498,46.57,G2,0.93552005,0.0,1.186,0.033,0.032,5907,42,4.269,0.07,0.954,0.176,-0.063,0.041,0.3745,0.259,0.0,1,APOGEE,,,,,,,,,,,,,,,,,,,,,,,,,,,,,,,,,,,,,,,,,,,,,,,,,,,,,,,,,,,
95,212204403,212204403.01,16,3263.712543,0.000830341,0.000880244,0.036182956,0.001112885,0.004352976,0.447704316,0.322052467,0.352228348,4.688803842,0.00011676,0.000102434,3.31108783,0.232862409,0.455667292,11.85206805,3.773579782,1.235099977,0.117797169,4983,138,4.638,0.15,0.137,0.235, K0,0.838,0.056,0.053,1.111,0.484,0.334,0.784313725,0,KP,2M08433079+2425234,4979.811,16.062431,4.5276566,0.01960939,0.27129,0.006901664,1.5084467,0.042864025,0.01697337,-0.020349085,0.021515794,0.36570358,0.065811865,0.04524851,0.014173907,0.10768598,0.023096861,0.042688012,0.01545892,-0.09526348,0.053609163,-0.06282368,0.012701494,0.018806994,0.034725897,690310993768911104,16,151.329,121.848,127.018,125.429,118.746,101.796,104.364,97.141,94.21,88.656,93.421,89.26,K0,1.0904871,0.0,0.838,0.056,0.053,4983,138,4.638,0.15,1.111,0.484,0.137,0.235,0.5846,0.1374,0.0,1,APOGEE,,,,,,,,,,,,,,,,,,,,,,,,,,,,,,,,,,,,,,,,,,,,,,,,,,,,,,,,,,,
42,212349118,212349118.01,6,2385.171082,0.002808293,0.003059912,0.020728048,0.000289318,0.000397134,0.263765234,0.174349539,0.209655103,2.548193436,0.000154987,0.000135028,2.761715461,0.16113067,0.182433038,3.455274383,0.267951444,0.111143641,0.234737471,5916,138,4.225,0.15,-0.172,0.235, G1,1.218,0.077,0.069,0.907,0.403,0.271,0.88,0,LPPC,,,,,,,,,,,,,,,,,,,,,,,,,,,3604856043983440896,6,148.576,143.404,122.917,114.921,114.078,101.098,94.526,91.696,92.051,92.288,89.94,87.161,G1,1.1123494,1.0,1.218,0.077,0.069,5916,138,4.225,0.15,0.907,0.403,-0.172,0.235,0.3434,0.2918,6.151489,1,GALAH,,,,,,,,,,,,,,,,,,,,,,,,,,,,,,13263818-1609148,3.604856043983441e+18,5897.5996,95.90082193175674,4.260014,0.18520189513150218,0.025351048,0.08794811352673665,0.007860684858906182,0.04693835565847147,0.7183072090148925,0.10624030093399703,0.03279142379760813,0.1521322804940011,-0.10115243911743121,0.16657751046450425,0.03477853775024453,0.07645203274186081,0.011965656280517933,0.11511271139103668,0.051590290069579936,0.09059539830667465,0.0678099094116658,0.1442081401395816,0.030960826873779546,0.07965449940143454,-0.07558649063110323,0.0973043776329464,0.05007661335841949,0.09317304103922086
43,212425103,212425103.01,6,2385.175564,0.003101173,0.002733005,0.016836581,0.000753158,0.000801656,0.294258242,0.198187881,0.227309468,0.945922266,7.52e-05,7.4e-05,1.478197935,0.113239593,0.121699009,4.767122322,0.40818993,0.307264572,0.061911804,5391,138,4.564,0.15,-0.154,0.235, G7,0.804,0.054,0.05,0.861,0.392,0.26,0.647058824,0,PC,,,,,,,,,,,,,,,,,,,,,,,,,,,3606497339965759744,6,307.161,260.822,249.433,220.191,218.739,186.773,164.038,156.15,150.724,148.238,144.977,136.93,G7,0.8627423,0.0,0.804,0.054,0.05,5391,138,4.564,0.15,0.861,0.392,-0.154,0.235,0.4498,0.2237,0.0,1,GALAH,,,,,,,,,,,,,,,,,,,,,,,,,,,,,,13372870-1420558,3.6064973399657595e+18,5141.947,118.83571379257387,4.4852786,0.19425078278051597,-0.22450018,0.09937029713488833,-0.1325922192901066,0.08498405659122152,0.29683132171630855,0.11390210049246287,,,0.3155345726013188,0.18217274948772705,-0.0556502914428707,0.08831512652919479,-0.1359444618225094,0.13778004575252528,0.11602624893188462,0.099845056338449,0.05200755940708596,0.166043506650517,0.12345817565917994,0.09013788849587255,0.07303745269775419,0.10724741949544589,-0.1305336560693711,0.10796940628592232
56,212440430,212440430.01,6,2395.164623,0.004427694,0.006297028,0.025456902,0.000720684,0.000861707,0.42478365,0.22804393,0.160309387,19.98890736,0.002634925,0.001705035,2.760434443,0.174188082,0.196052743,31.3026626,3.161494973,2.439305306,0.189741112,5743,138,4.383,0.15,-0.141,0.235, G3,0.993,0.062,0.056,0.86,0.386,0.257,0.88,0,KP,2M13360854-1400331,5753.0625,32.3974,4.454382,0.025397893,0.066349,0.0070447745,1.5358896,-0.113813,0.04242019,0.1369799,0.07974174,-0.2178254,0.14690642,-0.007039495,0.019411512,0.07475701,0.021247754,0.07114449,0.021042908,-0.0663775,0.05855679,-0.045433998,0.019845314,-0.105914995,0.07841476,3606709167752821632,6,138.66,121.797,112.61,100.548,99.39,86.81,83.323,78.269,80.878,75.433,70.939,74.627,G3,1.024623,0.0,0.993,0.062,0.056,5743,138,4.383,0.15,0.86,0.386,-0.141,0.235,0.4124,0.2427,0.0,1,APOGEE,,,,,,,,,,,,,,,,,,,,,,,,,,,,,,,,,,,,,,,,,,,,,,,,,,,,,,,,,,,
57,212460519,212460519.01,6,2390.795445,0.00165134,0.001136977,0.026293057,0.000665833,0.001043411,0.383393902,0.235649909,0.208714819,7.386473489,0.000204065,0.000318607,1.929447626,0.143519668,0.167791222,20.54731926,2.552223864,1.38739485,0.108973367,4142,138,4.611,0.15,-0.121,0.235, K7,0.672,0.052,0.047,0.67,0.308,0.21,0.807692308,0,KP,2M13341115-1334370,4411.831,10.30163,4.6046195,0.018932084,-0.14057,0.00782045,1.5793195,-0.04557301,0.012551921,-0.010604098,0.010724544,,,-0.07793151,0.012998639,,,-0.078207,0.012250363,,,-0.002275005,0.011679778,-0.07549001,0.021805156,3606785098479012864,6,115.853,110.044,106.644,97.075,101.162,84.962,95.796,77.192,82.83,72.218,70.618,85.254,K7,1.4056878,0.0,0.672,0.052,0.047,4142,138,4.611,0.15,0.67,0.308,-0.121,0.235,0.6656,0.0853,0.0,1,APOGEE,,,,,,,,,,,,,,,,,,,,,,,,,,,,,,,,,,,,,,,,,,,,,,,,,,,,,,,,,,,
97,212479997,212479997.01,17,3348.030918,0.000625114,0.000583825,0.047772168,0.000148008,0.000197954,0.119915697,0.086181656,0.120131602,8.9317272,0.000168721,0.000178173,9.390097342,0.506857521,0.559543626,11.9506211,0.276272696,0.090219202,0.247941674,6101,138,4.162,0.15,-0.096,0.235, F8,1.8,0.107,0.097,1.708,0.751,0.524,0.75,0,LPPC,2M13353206-1309567,6032.4077,33.16379,3.9702783,0.021046424,0.0053186,0.0051006973,6.2742233,-0.0461913,0.040807318,0.0950936,0.083759226,0.043658998,0.14128444,-0.037108798,0.011470646,0.071362406,0.013023721,0.0886277,0.01208813,-0.0134308,0.040812954,0.00056969933,0.011177343,-0.51614827,0.07599323,3610199395616488704,6,78.787,65.584,68.976,62.492,65.6,58.911,59.922,57.604,53.311,55.927,52.63,52.872,F8,1.0714093,0.0,1.8,0.107,0.097,6101,138,4.162,0.15,1.708,0.751,-0.096,0.235,0.3469,0.291,0.0,1,APOGEE,,,,,,,,,,,,,,,,,,,,,,,,,,,,,,,,,,,,,,,,,,,,,,,,,,,,,,,,,,,
98,212496592,212496592.01,17,3347.023241,0.004777317,0.003290585,0.017512631,0.00115957,0.001099855,0.32402071,0.223702419,0.210378171,2.859364842,0.000269448,0.000670682,1.629347168,0.148027474,0.150910489,10.1409745,1.93951862,1.055461859,0.086699869,5122,138,4.624,0.15,0.088,0.235, G9,0.852,0.058,0.053,1.117,0.491,0.336,0.75,0,KP,2M13263339-1248235,5045.0293,13.943631,4.5168214,0.015949458,0.15322,0.005253835,1.5005829,0.077631,0.0140484255,0.014676899,0.01631019,0.2077536,0.056870505,0.14794451,0.010701298,0.212746,0.01406537,0.075580105,0.0105553055,-0.030276194,0.038456686,0.008354008,0.008979744,0.093979,0.02826294,3610048418926172032,6,104.973,92.513,81.735,74.378,67.687,62.682,57.868,55.738,50.264,49.397,45.385,45.419,G9,0.8645642,0.0,0.852,0.058,0.053,5122,138,4.624,0.15,1.117,0.491,0.088,0.235,0.5846,0.1374,0.0,1,APOGEE,,,,,,,,,,,,,,,,,,,,,,,,,,,,,,,,,,,,,,,,,,,,,,,,,,,,,,,,,,,
99,212540498,212540498.01,17,3352.391731,0.008268989,0.008513009,0.030674603,0.005187616,0.007120771,0.981866492,0.0190664,0.012743444,10.79245226,0.002851659,0.0028255,12.01525426,2.228278201,2.965847835,6.869805658,0.950638837,1.35391475,0.156781552,5010,138,3.439,0.15,-0.19,0.235, K1,3.587,0.301,0.273,1.29,0.581,0.411,0.75,0,LPPC,2M13524694-1152394,4912.342,12.240953,3.5197024,0.02659327,0.053475,0.009141742,2.237948,-0.0009703003,0.01659835,-0.018483002,0.024989437,0.0076050013,0.07534506,0.066283725,0.01332036,-0.037874006,0.026757998,-0.0017345995,0.017171474,-0.0032679997,0.043221198,-0.035527002,0.016936094,0.06100417,0.02716555,3613579191281068416,6,125.288,110.624,98.111,92.651,86.487,74.955,64.142,60.718,58.681,57.367,54.025,49.73,K1,8.611811,0.0,3.587,0.301,0.273,5010,138,3.439,0.15,1.29,0.581,-0.19,0.235,0.5508,0.1621,0.0,1,APOGEE,,,,,,,,,,,,,,,,,,,,,,,,,,,,,,,,,,,,,,,,,,,,,,,,,,,,,,,,,,,
45,212562715,212562715.01,6,2387.469354,0.00389054,0.003731557,0.024707812,0.001180935,0.001245705,0.799029081,0.065870616,0.049180861,13.52422583,0.001530026,0.001879767,2.414793298,0.181674228,0.19404038,26.33693443,2.95980382,2.964056368,0.104873723,5616,138,4.473,0.15,-0.017,0.235, F9,0.895,0.056,0.052,0.875,0.392,0.265,0.862745098,1,PC,,,,,,,,,,,,,,,,,,,,,,,,,,,3611408995846052736,6,109.571,97.936,93.16,91.228,107.598,86.439,101.827,81.564,72.502,80.877,79.447,77.34,F9,1.0279944,0.0,0.895,0.056,0.052,5616,138,4.473,0.15,0.875,0.392,-0.017,0.235,0.4906,0.1813,0.0,1,GALAH,,,,,,,,,,,,,,,,,,,,,,,,,,,,,,13284030-1123574,3.611408995846053e+18,5435.614,92.15303239779522,4.452351,0.18246419675975092,-0.032402515,0.07363211334172304,0.03726775389489466,0.03808741658729997,,,,,0.06868455886840863,0.14450701663998974,0.029808940887451563,0.06116805859515638,0.05305852890014684,0.08744363285231228,0.10060867309570298,0.07750011400489126,-0.08618557187628582,0.11511112693477733,0.09374168395996119,0.06578830000766915,-0.0452009963989255,0.08335406027996208,0.019599212256252125,0.07380361000320229
46,212585579,212585579.01,6,2385.539559,0.000786278,0.000779854,0.047739076,0.005613552,0.006505474,0.983366429,0.010937383,0.010688306,3.021938201,5.81e-05,5.6e-05,5.66143431,0.742323212,0.842627147,4.568300563,0.177709605,0.231296972,0.076217112,5896,138,4.276,0.15,-0.163,0.235, G2,1.086,0.065,0.063,0.811,0.356,0.252,0.826923077,0,PC,,,,,,,,,,,,,,,,,,,,,,,,,,,3616725370788652672,6,108.83,102.53,107.849,90.114,88.36,83.562,81.085,82.049,91.51,85.325,82.535,81.064,G2,1.15306,0.0,1.086,0.065,0.063,5896,138,4.276,0.15,0.811,0.356,-0.163,0.235,0.3447,0.2916,0.0,1,GALAH,,,,,,,,,,,,,,,,,,,,,,,,,,,,,,13391579-1054250,3.6167253707886525e+18,5860.843,91.55637544661182,4.3644295,0.1829265579664572,-0.022063255,0.08084179325687434,0.0021533861167695903,0.04312597657544922,1.2606117248535156,0.09903279746096269,0.014936256408692117,0.14267293665968947,0.03535221099853558,0.15254719179978798,0.02872652053833047,0.06652320697746535,-0.017273044586181285,0.09691778060909928,-0.05355421066284194,0.08227142140785483,0.12342025795191895,0.12544684357226168,0.06312826156616236,0.07070063075899474,-0.0526019859313962,0.08841817856336555,-0.028126935740593294,0.09841561725183316
47,212587672,212587672.01,6,2404.040496,0.001410125,0.001789621,0.0257219,0.000908293,0.000925172,0.843407833,0.044474578,0.037553844,23.22941507,0.00121878,0.001007365,2.741419524,0.184696548,0.19283733,31.73289646,3.67551445,3.617186349,0.136029467,5926,138,4.338,0.15,-0.259,0.235, G1,0.976,0.059,0.056,0.751,0.333,0.227,0.843137255,1,KP,,,,,,,,,,,,,,,,,,,,,,,,,,,3616620814104819328,6,70.633,62.131,59.899,57.733,53.756,51.61,46.538,43.977,43.652,42.504,41.941,41.855,G1,1.0793582,0.0,0.976,0.059,0.056,5926,138,4.338,0.15,0.751,0.333,-0.259,0.235,0.3342,0.2965,0.0,1,GALAH,,,,,,,,,,,,,,,,,,,,,,,,,,,,,,13414671-1051447,3.616620814104819e+18,5897.5225,92.42368623480336,4.4300075,0.1843306432991146,-0.27395296,0.08439610799039009,0.047528498957042295,0.04350422430607194,1.5029370307922363,0.09951684735784928,0.2840645790100105,0.1433117299934745,0.11910818099975629,0.15346947438984546,0.029479923248291406,0.06715338458589282,0.05558433532714879,0.0980491760183772,0.020863380432128764,0.08281867659978975,0.021655571083059696,0.12665250221157692,0.05293539047241236,0.07127457821121086,-0.006532840728759481,0.0890004469982868,0.14216029079832462,0.12425791027405826
48,212652418,212652418.01,6,2401.968341,0.00462779,0.004485233,0.019103821,0.00085094,0.000866808,0.875474355,0.03672858,0.029470657,19.13741731,0.0026199,0.002575635,2.801682331,0.201769155,0.21648916,22.86702986,2.542948025,2.567862456,0.138975872,5807,138,4.18,0.15,-0.198,0.235, G1,1.343,0.084,0.076,0.993,0.439,0.297,0.807692308,0,PC,,,,,,,,,,,,,,,,,,,,,,,,,,,3618083684261605248,6,80.98,69.807,62.984,61.138,56.273,51.522,48.267,46.943,43.665,43.328,40.452,39.445,G1,1.1073751,0.0,1.343,0.084,0.076,5807,138,4.18,0.15,0.993,0.439,-0.198,0.235,0.3819,0.2736,0.0,1,GALAH,,,,,,,,,,,,,,,,,,,,,,,,,,,,,,13413348-0923271,3.6180836842616054e+18,5754.1855,102.27192075211198,4.1751075,0.18514143769312105,-0.019258976,0.09778840657597847,0.04370919298805101,0.05449977861368578,0.6885960817337036,0.11492848387971784,0.06468229293823313,0.16339571575510836,0.07346723556518597,0.18431364631203404,0.21522134780883828,0.0900089257566933,0.06477918624877965,0.14109023652817956,0.13818820953369126,0.10111463173094844,0.09082050154241093,0.16911570337039977,0.06698778152465845,0.09161833784216421,-0.04331272125244112,0.10861734071343078,0.08664930673927906,0.11006714478583282
112,212672300,212672300.01,17,3363.31643,0.005782351,0.009319725,0.020895679,0.00064284,0.000653242,0.196477526,0.137428543,0.188856049,19.87092406,0.007824586,0.003434892,3.057622917,0.201309626,0.216229099,20.25556909,1.111279644,0.703145955,0.312958391,6205,138,4.204,0.15,-0.058,0.235, F7,1.34,0.085,0.078,1.049,0.462,0.327,0.82,0,KP,,,,,,,,,,,,,,,,,,,,,,,,,,,3618361345307363584,6,103.633,93.919,88.318,75.382,72.209,66.498,63.251,59.376,57.465,53.268,56.949,53.614,F7,1.0671103,0.0,1.34,0.085,0.078,6205,138,4.204,0.15,1.049,0.462,-0.058,0.235,0.3448,0.2668,0.0,1,GALAH,,,,,,,,,,,,,,,,,,,,,,,,,,,,,,13382614-0855378,3.6183613453073633e+18,5991.189,91.32075092491901,4.1652994,0.1854264542808013,-0.06682873,0.085028338500719,0.0041571240399238645,0.04273651343168117,1.4129850387573242,0.0985311389448499,0.14203052520752024,0.14201035241834398,0.059330444335937926,0.15159444180971687,0.0734233283996586,0.06587560874517025,0.017516994476318715,0.09575862329494103,0.03225025177001939,0.08170607553780122,0.06506579682006143,0.1242056042692096,0.023305683135986577,0.07010994997169592,-0.05929296493530245,0.08781696366476628,0.03144654681392072,0.09742566614710463
49,212689874,212689874.01,6,2392.041385,0.002322669,0.002640168,0.029601232,0.000422395,0.000647381,0.276256109,0.183685629,0.211694766,15.85394826,0.000814448,0.000625308,3.138713353,0.186475934,0.20269219,25.35479855,2.319505215,1.041977579,0.197461797,5725,138,4.382,0.15,-0.279,0.235, G3,0.971,0.059,0.056,0.831,0.354,0.25,0.843137255,1,KP,,,,,,,,,,,,,,,,,,,,,,,,,,,3624969886932157568,6,103.181,96.473,78.922,66.004,61.621,51.35,50.559,44.911,37.871,40.232,39.201,36.956,G3,0.9548679,0.0,0.971,0.059,0.056,5725,138,4.382,0.15,0.831,0.354,-0.279,0.235,0.3935,0.2523,0.0,1,GALAH,,,,,,,,,,,,,,,,,,,,,,,,,,,,,,13191957-0830339,3.6249698869321574e+18,5578.4062,113.79607825743669,4.3942256,0.1864134402967681,-0.22651386,0.10924882252493812,0.14040109106767915,0.05959464902757566,0.800793719291687,0.12036221359440805,0.48499088287353587,0.17036937055706766,0.3007492828369145,0.19584644215838767,0.05605548858642617,0.09939512834402818,0.16992893218994176,0.15973797926201458,0.15615924835205064,0.10795290938929555,0.18823834821989208,0.18595567967352059,0.12570217132568384,0.09975719056672123,0.10132534027099638,0.11601609630258283,0.18808166985658137,0.12163003167520296
96,212753343,212753343.01,17,3360.515643,0.00386553,0.00431107,0.014865813,0.000568263,0.000954249,0.398298341,0.269372984,0.320045772,19.98421703,0.003707497,0.004183372,2.845726905,1.486102296,6.482974379,28.65033818,6.637929876,2.433887498,0.207286484,6823,1901,4.004,0.576,-0.224,0.288,F2,1.753,3.992,0.913,1.62,0.97,0.878,0.711538462,0,PC,,,,,,,,,,,,,,,,,,,,,,,,,,,3630675325782696704,17,192.887,190.625,186.501,171.898,165.903,144.691,141.767,139.229,135.308,132.885,124.958,128.346,G7,1.0234728,0.0,1.753,3.992,0.913,6823,1901,4.004,0.576,1.62,0.97,-0.224,0.288,0.4415,0.2396,0.0,1,LAMOST,LAMOST J133948.77-065320.0,20180308HIP67289C60110021_v2.9.7,204.95321,-6.8889066,6154.41,4.086,-0.238,2.455,11.144,0.121,-0.002,0.148,0.106,0.034,0.046,27.72,0.042,0.034,0.062,0.135,0.041,0.036,0.041,0.03,0.027,0.192,0.137,0.025,0.082,,,,,,,,,,,,,,,,,,,,,,,,,,,,,,
50,212779596,212779596.01,6,2385.740232,0.001187412,0.002109296,0.023356011,0.000379118,0.000694601,0.282544409,0.184779688,0.207302315,3.225233822,0.00011166,5.41e-05,1.736874429,0.123143192,0.139955254,11.72455695,1.018990318,0.469789997,0.086225263,4463,138,4.667,0.15,-0.177,0.235, K5,0.681,0.051,0.047,0.791,0.359,0.25,0.86,0,KP,,,,,,,,,,,,,,,,,,,,,,,,,,,3620501712193719296,6,80.966,64.319,66.759,62.84,58.038,56.58,49.578,50.708,45.64,46.844,44.822,48.736,K5,1.1694037,0.0,0.681,0.051,0.047,4463,138,4.667,0.15,0.791,0.359,-0.177,0.235,0.666,0.0775,0.0,1,GALAH,,,,,,,,,,,,,,,,,,,,,,,,,,,,,,13553641-0608100,3.6205017121937193e+18,4600.272,79.92073044130376,4.6305757,0.18174731126517124,-0.031425,0.05672465507687178,-0.0037861964272682476,0.02549582488765811,,,,,,,-0.17318206787109336,0.03673758426250697,0.2800125122070316,0.07601682841777802,0.08021816253662095,0.05139490350897455,-0.09805066817193352,0.0652100234455412,-0.025675029754638423,0.04223476963600311,0.023960895538330362,0.05613596384670022,0.0369494672515651,0.033461115277887025
58,212797028,212797028.01,6,2397.464499,0.000378622,0.000381197,0.144609756,0.000922958,0.000783361,0.848838333,0.004065036,0.003371267,29.98351933,0.000284061,0.000343938,29.51409923,1.700145917,1.823033576,28.5731122,0.223736327,0.279547925,0.256512212,5980,138,3.978,0.15,0.009,0.235, F9,1.869,0.115,0.107,1.209,0.537,0.373,0.882352941,0,LPPC,2M13511632-0538045,5528.8354,22.55985,4.1239862,0.019705445,0.039027,0.0056451713,6.483955,-0.093521,0.02556821,0.077234894,0.03932914,0.034843195,0.099000216,0.012416501,0.0118026035,0.106088996,0.014670604,0.013984997,0.012126741,-0.0423535,0.042940702,0.013852,0.0109512,-0.10919601,0.049389347,3620824285713185152,6,223.757,210.026,188.778,182.058,172.518,189.906,177.766,152.892,156.875,150.334,146.835,144.413,F9,0.87476707,0.0,1.869,0.115,0.107,5980,138,3.978,0.15,1.209,0.537,0.009,0.235,0.3794,0.2561,0.0,1,APOGEE,,,,,,,,,,,,,,,,,,,,,,,,,,,,,,,,,,,,,,,,,,,,,,,,,,,,,,,,,,,
52,212803289,212803289.01,6,2400.826609,0.000941357,0.000899568,0.041014555,0.0002123,0.000292641,0.19299539,0.128240818,0.133137533,18.24808976,0.000461645,0.000495615,11.61350093,0.656660605,0.71693226,12.57653424,0.4573627,0.206068253,0.472986535,6203,138,3.975,0.15,-0.009,0.235, F7,2.593,0.159,0.146,2.329,1.003,0.712,0.843137255,1,KP,,,,,,,,,,,,,,,,,,,,,,,,,,,3620612011248988416,6,70.824,62.455,58.888,54.163,50.871,42.559,38.224,34.139,33.378,30.899,27.873,23.713,F7,0.9433039,0.0,2.593,0.159,0.146,6203,138,3.975,0.15,2.329,1.003,-0.009,0.235,0.31,0.3192,0.0,1,GALAH,,,,,,,,,,,,,,,,,,,,,,,,,,,,,,13550570-0526330,3.620612011248988e+18,6008.037,76.27782502066512,3.7827125,0.18073969052075392,0.07731438,0.05561374068758356,0.017476516763684686,0.02056782460040948,,,0.03341369628906321,0.08649861669763162,-0.022957344055175355,0.08646798209511276,0.16153568267822305,0.030933662013049312,-0.023135280609130504,0.04054488289180484,0.05650075912475572,0.043021081096543456,0.23069732645455995,0.05226099570076874,0.04499843597412134,0.03614441465910641,0.08475572586059599,0.04764911895524446,-0.05030347176904433,0.05424552300077104
53,213546283,213546283.01,7,2469.35469,0.002434151,0.002032629,0.032664618,0.001648308,0.001696663,0.823890794,0.100189975,0.061868932,9.770464963,0.000426257,0.000497732,4.073486918,0.30985271,0.33275485,14.17140023,2.456043395,2.789897593,0.136673518,5638,138,4.243,0.15,-0.149,0.235, G4,1.142,0.072,0.065,0.837,0.371,0.253,0.846153846,0,LPPC,,,,,,,,,,,,,,,,,,,,,,,,,,,6759444406898402816,7,120.689,111.454,94.197,96.234,94.788,89.975,84.63,82.386,84.475,78.911,76.26,76.914,G4,0.8720278,0.0,1.142,0.072,0.065,5638,138,4.243,0.15,0.837,0.371,-0.149,0.235,0.4083,0.2446,0.0,1,GALAH,,,,,,,,,,,,,,,,,,,,,,,,,,,,,,19173044-2902573,6.759444406898403e+18,5742.9155,82.77536377718909,4.2980227,0.18015752221085535,-0.16540289,0.06159532195902689,0.18067437411060716,0.024695712597750316,,,0.09475736618042063,0.10677376135621844,0.21056936264038129,0.10678124751168006,0.09131521224975625,0.0396516405797386,0.2763027191162113,0.052535721901637786,0.2752178573608397,0.05509770473845017,0.10421423212292252,0.0714853182509729,0.059163360595703374,0.04518676340474566,0.1553457450866702,0.059935001365397596,0.2433458728444011,0.04431469016474542
54,213817056,213817056.01,7,2478.944594,0.000854851,0.000763937,0.035833547,0.001395109,0.001560202,0.623147213,0.182932767,0.117541901,13.61184927,0.00029928,0.00046122,3.251722389,0.246325978,0.267495546,28.65292735,3.875384022,4.249244062,0.125138043,5051,138,4.595,0.151,-0.324,0.198, K3,0.831,0.058,0.054,0.991,0.457,0.309,0.862745098,0,PC,,,,,,,,,,,,,,,,,,,,,,,,,,,6762085953537233920,7,123.465,114.569,106.131,105.53,90.715,79.759,84.653,81.837,77.445,77.949,77.413,76.32,,,,0.825,2.286,0.118,5051,153,4.531,0.084,0.853,0.094,-0.318,0.35,0.5396,0.1731,0.0,1,GALAH,,,,,,,,,,,,,,,,,,,,,,,,,,,,,,18543518-2811194,6.762085953537234e+18,4926.328,107.62888159714048,4.4442444,0.18998646251035145,0.48832464,0.10365260061818682,0.05471393215975496,0.05713884684021168,,,,,0.10470293045043988,0.1998548893286338,0.22644180297851602,0.10275895725216197,,,0.3005016708374022,0.11032938394164821,-0.31790118971065506,0.1919192315963139,-0.01222393035888647,0.10264906232741186,0.15794689178466825,0.1185949310021585,0.047677835232413306,0.08442860226369527
59,214173069,214173069.01,7,2470.902896,0.004251718,0.004929372,0.023603192,0.001767688,0.001780756,0.620730555,0.209927271,0.118175299,8.777935801,0.000791423,0.001172264,1.945023999,0.198384011,0.206322092,24.86358114,2.670823869,2.559536512,0.091481929,4603,138,4.615,0.15,-0.045,0.235, K3,0.751,0.056,0.052,0.856,0.375,0.265,0.862745098,0,PC,2M18520762-2710499,4804.181,14.80979,4.562925,0.021027956,0.10748,0.007890033,1.6254365,0.0046588033,0.016740482,-0.032161094,0.018241635,-0.1438764,0.070716225,-0.028011493,0.014801811,0.016426004,0.023167886,-0.051446997,0.015504079,-0.065846495,0.05729595,-0.011277996,0.01367868,-0.030283995,0.03235231,4072055435329128576,7,173.294,179.355,178.455,163.667,164.457,153.883,169.635,186.257,130.292,129.948,137.968,134.646,K3,0.80992997,2.0,0.751,0.056,0.052,4603,138,4.615,0.15,0.856,0.375,-0.045,0.235,0.6331,0.1127,5.03543,1,APOGEE,,,,,,,,,,,,,,,,,,,,,,,,,,,,,,,,,,,,,,,,,,,,,,,,,,,,,,,,,,,
55,214419545,214419545.01,7,2469.935388,0.001677985,0.002038237,0.018931012,0.000651932,0.000642462,0.883241582,0.029599118,0.024026924,9.401312497,0.000506484,0.000468577,2.728791794,0.176025702,0.185947818,15.18528703,1.469415517,1.584685051,0.100137013,5911,138,4.194,0.15,-0.049,0.235, F8,1.32,0.078,0.072,0.993,0.416,0.302,0.826923077,0,PC,,,,,,,,,,,,,,,,,,,,,,,,,,,4073600356552513280,7,70.155,58.368,59.75,58.193,56.262,53.415,49.29,46.716,46.212,46.579,47.968,47.087,F8,0.72376925,0.0,1.32,0.078,0.072,5911,138,4.194,0.15,0.993,0.416,-0.049,0.235,0.3697,0.2711,0.0,1,GALAH,,,,,,,,,,,,,,,,,,,,,,,,,,,,,,18534430-2632189,4.0736003565525135e+18,5773.842,82.67146661623707,4.059244,0.17974049665067732,-0.4579811,0.06577767434110139,0.07270795462214427,0.029282103052975638,1.3415996551513671,0.07268708143295004,0.5431030273437507,0.10699403324615141,0.4222588348388676,0.10702462303507441,0.17181819915771523,0.0397694987193989,0.10327568054199254,0.05270910173944644,0.0868013763427733,0.05524232218957127,0.09012595056586668,0.07173661225473517,0.07708480834960962,0.04530500002060461,0.2090414237976077,0.06008387570408853,0.04451328378570278,0.06936572983792824
56,214611894,214611894.01,7,2476.259072,0.003902078,0.003115085,0.024915773,0.001215117,0.002901638,0.668394074,0.261815602,0.215827434,21.5677484,0.001748564,0.001976527,3.433652643,0.247532719,0.447703334,26.37459342,9.333436369,5.924239739,0.202275462,6003,138,4.214,0.15,0.114,0.235, G8,1.262,0.074,0.067,0.951,0.419,0.289,0.830188679,0,LPPC,,,,,,,,,,,,,,,,,,,,,,,,,,,4073171817580208000,7,138.488,120.439,118.235,105.056,106.266,96.852,102.414,95.957,96.103,97.559,96.808,97.693,G8,0.95274264,0.0,1.262,0.074,0.067,6003,138,4.214,0.15,0.951,0.419,0.114,0.235,0.3589,0.2891,0.0,1,GALAH,,,,,,,,,,,,,,,,,,,,,,,,,,,,,,18454575-2603548,4.073171817580208e+18,5880.2764,85.44410405808033,4.1264067,0.1992051158422053,-0.10424948,0.06930791955089774,0.005737737710018607,0.03151334283762986,1.2025324821472168,0.08067677167802172,0.2006314277648933,0.11802400629021784,0.08961866378784222,0.11981533297123015,0.13893693923950234,0.04636815600757599,-0.009743309020995738,0.06278363842213751,-0.06021944046020522,0.06284078853093888,-0.04380123753684638,0.08554558022914947,-0.04730579376220678,0.051807511084716096,0.07974559783935575,0.06795319679585315,0.14689884641742046,0.05462548142631293
57,214657628,214657628.01,7,2476.094337,0.014352015,0.017438118,0.012582066,0.000242899,0.000262177,0.171297824,0.121339794,0.196736627,16.79325765,0.006530993,0.005179892,3.580543948,0.219984188,0.245200084,4.166517956,0.226203893,0.095557004,1.292944882,6125,138,3.912,0.15,0.006,0.235, F8,2.606,0.17,0.152,2.024,0.895,0.604,0.833333333,0,LPPC,,,,,,,,,,,,,,,,,,,,,,,,,,,4073845955650351488,7,103.343,84.832,81.342,72.995,69.739,62.225,59.362,55.9,55.968,54.098,52.224,53.214,F8,0.9043112,0.0,2.606,0.17,0.152,6125,138,3.912,0.15,2.024,0.895,0.006,0.235,0.3794,0.2561,0.0,1,GALAH,,,,,,,,,,,,,,,,,,,,,,,,,,,,,,18532901-2557150,4.0738459556503516e+18,6107.9023,80.6035019768,3.738917,0.1871951197295644,0.08666086,0.06362031437598485,0.1160540053354624,0.04162406695402514,1.9740092277526857,0.07352960658068086,-0.0014874458312981176,0.10816721515076944,0.02292058944702191,0.1083288863547328,0.23000425338745156,0.04040615493539733,-0.01823482513427699,0.05365000961534658,-0.008333835601806783,0.05601730989088495,0.2275876678417617,0.07309094992411957,0.03863170623779322,0.04594227381310506,0.12367183685302763,0.060882284125460415,0.10149433914758108,0.07066928606520846
58,215249597,215249597.01,7,2481.690019,0.010394365,0.011850687,0.055788362,0.007624797,0.009792582,0.974030845,0.016609373,0.016494441,25.52304286,0.007332883,0.007155244,124.3288931,26.47162619,34.69074363,3.623932451,0.159076738,0.237033499,0.915195621,4220,138,2.148,0.15,-0.122,0.235, K4,20.397,4.424,3.33,2.157,1.458,0.859,0.849056604,0,FP,,,,,,,,,,,,,,,,,,,,,,,,,,,4074960761688864768,7,463.058,448.669,458.631,450.701,501.824,458.97,524.19,467.549,446.755,449.03,397.825,405.41,K4,1.1108919,1.0,20.397,4.424,3.33,4220,138,2.148,0.15,2.157,1.458,-0.122,0.235,0.7391,0.0327,7.392921,1,GALAH,,,,,,,,,,,,,,,,,,,,,,,,,,,,,,18501022-2436583,4.074960761688865e+18,4202.854,98.05874657541396,1.7428368,0.3549923615362628,-0.1983409,0.0958048026679493,-0.014327862133358285,0.05623324008846397,,,,,0.2639350700378422,0.18583168550032356,0.1841267967224125,0.09121927045956132,0.04034366607666051,0.14346622072264634,0.19918951034545884,0.10201481689723285,-0.21880874822339666,0.17130454618537913,0.3349740791320803,0.09267393306010328,-0.0337874221801755,0.10958939636960124,-0.01994593698197328,0.07364339549796131
59,215364084,215364084.01,7,2469.965943,0.005246567,0.005284424,0.033484733,0.001667346,0.004829474,0.956823958,0.014499121,0.017984022,2.743637127,0.000377019,0.000374256,18.61081996,1.807775926,3.213508596,1.776912427,0.152387118,0.171411554,0.193561544,4972,138,3.258,0.15,-0.176,0.235, G6,4.856,0.461,0.405,1.553,0.753,0.495,0.843137255,0,PC,,,,,,,,,,,,,,,,,,,,,,,,,,,4078020462037622400,7,272.551,290.139,283.909,296.042,294.897,287.621,284.241,289.184,296.524,283.549,274.453,280.519,G6,1.1475732,1.0,4.856,0.461,0.405,4972,138,3.258,0.15,1.553,0.753,-0.176,0.235,0.5508,0.1621,2.515444,1,GALAH,,,,,,,,,,,,,,,,,,,,,,,,,,,,,,18460309-2422271,4.0780204620376223e+18,4992.739,143.06002249879324,3.2124186,0.24264308329110768,0.1382184,0.1266942210308866,-0.01462158616790031,0.07041622605419133,-0.09354596138000493,0.13616663488559083,,,-0.8915691566467281,0.23122510995522721,0.22725576400756875,0.13080920673579188,-0.014909362792968395,0.2254068036590726,0.03531154632568345,0.12892289961215342,-0.2154825677372223,0.24038650582765894,-0.15864250183105444,0.12633560976517813,0.1065619659423831,0.13889401324411593,0.026078883717715814,0.12171237292472165
60,216363472,216363472.01,7,2468.882486,0.008049478,0.005180749,0.012935035,0.000719983,0.000896391,0.551274906,0.238523241,0.152175941,8.694478209,0.00163633,0.001329243,1.403788739,0.11332215,0.130058386,17.75823536,2.027961952,1.815658711,0.132485527,5531,138,4.348,0.15,-0.141,0.235, F9,0.992,0.061,0.058,0.81,0.348,0.252,0.58,0,PC,2M18463385-2228561,5542.6787,24.55971,4.4280252,0.021544313,0.054966,0.0062460583,1.5147816,-0.07879999,0.028616024,0.03487291,0.046206128,-0.4695824,0.10951701,0.041807506,0.013062697,0.19088,0.017275583,0.08593699,0.0138958935,0.036292505,0.04842855,-0.008357998,0.012547254,-0.076776996,0.055288333,4078497061634437504,7,86.314,76.188,68.437,59.921,56.492,53.93,52.724,49.012,47.641,45.368,43.575,42.583,F9,0.7378241,4.0,0.992,0.061,0.058,5531,138,4.348,0.15,0.81,0.348,-0.141,0.235,0.4415,0.2396,6.082384,1,APOGEE,,,,,,,,,,,,,,,,,,,,,,,,,,,,,,,,,,,,,,,,,,,,,,,,,,,,,,,,,,,
61,216494238,216494238.01,7,2474.581485,0.001003391,0.000735636,0.055916229,0.001859559,0.000458581,0.595440851,0.249351986,0.033772162,19.89522054,0.000358365,0.000593705,7.669201572,0.508260935,0.468302954,15.75606578,0.514530043,2.61384475,0.350668505,5787,138,4.245,0.15,0.019,0.235, F9,1.256,0.076,0.072,1.0,0.44,0.3,0.94,0,KP,,,,,,,,,,,,,,,,,,,,,,,,,,,6772454416893148928,7,82.835,73.012,57.663,54.99,53.965,44.107,39.578,36.14,33.177,30.328,29.359,26.449,F9,1.0377091,0.0,1.256,0.076,0.072,5787,138,4.245,0.15,1.0,0.44,0.019,0.235,0.4727,0.1992,0.0,1,GALAH,,,,,,,,,,,,,,,,,,,,,,,,,,,,,,19262288-2214514,6.772454416893149e+18,5558.3765,93.18992162690766,4.2120166,0.18429015598395485,0.14560413,0.08433013851544127,0.07529510647231712,0.046895482528754154,0.6566764831542968,0.10897139105910662,,,0.18543670654296918,0.1720575541418851,0.14917844772338906,0.08052394761926575,0.06490459442138707,0.12278688493805431,0.27585348129272447,0.0938459677553421,0.10195842151602469,0.15176877795188468,0.14045551300048853,0.08327676393523198,-0.031228237152099325,0.10079082384484006,0.08750176930114385,0.08283064130292497
61,218332621,218332621.01,7,2469.06837,0.004136344,0.004450594,0.020653521,0.000893712,0.000895604,0.707264143,0.102711941,0.075477985,9.811588649,0.000903445,0.000847197,4.252753059,0.344728328,0.356468004,12.64407881,1.406505186,1.483266006,0.181865951,5953,138,4.066,0.15,-0.162,0.235, G2,1.882,0.135,0.129,1.506,0.653,0.465,0.811320755,0,PC,2M18482785-1859360,5973.1777,36.113182,4.1181765,0.023123793,0.36752,0.0059459195,7.8288865,-0.07657802,0.042097196,-0.09077713,0.105422616,-0.2918063,0.12728344,-0.09013149,0.014941779,0.18732604,0.02315275,0.09504098,0.018580584,-0.13460751,0.054286662,-0.023826003,0.014836468,-0.106235,0.086332045,4086307098881698304,7,168.237,143.095,133.398,120.178,121.438,109.352,112.146,106.976,103.616,101.703,100.559,100.14,G2,0.8742636,1.0,1.882,0.135,0.129,5953,138,4.066,0.15,1.506,0.653,-0.162,0.235,0.3434,0.2918,6.037136,1,APOGEE,,,,,,,,,,,,,,,,,,,,,,,,,,,,,,,,,,,,,,,,,,,,,,,,,,,,,,,,,,,
63,218705353,218705353.01,7,2469.253528,0.004200901,0.010800803,0.013269844,0.00317763,0.000555416,0.971159153,0.090965277,0.00509991,1.935152973,0.000343184,0.000135778,4.597889479,1.17042466,0.492697334,3.707602137,0.413425177,0.475371814,0.048075884,8104,138,3.847,0.15,-0.059,0.235, AIV,3.173,0.313,0.274,2.602,1.231,0.86,0.596153846,0,LPPC,,,,,,,,,,,,,,,,,,,,,,,,,,,4087372834886655104,7,58.299,52.094,49.427,43.782,41.258,36.485,35.633,33.464,32.567,31.669,30.036,29.048,AIV,1.0069367,0.0,3.173,0.313,0.274,8104,138,3.847,0.15,2.602,1.231,-0.059,0.235,0.2859,0.2732,0.0,1,GALAH,,,,,,,,,,,,,,,,,,,,,,,,,,,,,,19033603-1818368,4.087372834886655e+18,7554.347,75.3915995243044,3.722182,0.22839123604012654,0.0006122589,0.05926183327824243,-0.2518108313314868,0.02193593914658171,,,-0.5502855300903313,0.08366266490077211,-0.33652545928955035,0.083965005306212,0.17735666275024453,0.03002572735126574,-0.42873916625976527,0.03941477993003023,0.10475429534912095,0.045553058385849,0.4394742578752596,0.050160521541205774,-0.1238152694702146,0.03515660030354388,-0.4861232566833493,0.046158093182287876,0.5190188407897951,0.08004480600357056
64,220186645,220186645.01,8,2563.50852,0.005337065,0.004361577,0.021073809,0.000467304,0.000516671,0.232577628,0.165957165,0.21753608,7.056396518,0.000820328,0.000874821,3.044566904,0.200416647,0.211517107,11.55934179,0.842124475,0.503633564,0.193430581,5878,138,4.219,0.15,-0.061,0.235, G3,1.323,0.086,0.082,1.05,0.467,0.316,0.846153846,0,KP,,,,,,,,,,,,,,,,,,,,,,,,,,,2533185974768028032,8,139.214,118.2,109.957,106.757,94.18,87.61,78.53,77.988,75.722,77.188,72.257,71.42,G3,1.0548252,0.0,1.323,0.086,0.082,5878,138,4.219,0.15,1.05,0.467,-0.061,0.235,0.3469,0.291,0.0,1,GALAH,,,,,,,,,,,,,,,,,,,,,,,,,,,,,,01093180-0031031,2.533185974768028e+18,5746.268,81.97282991436231,4.1613436,0.18499854517494793,-0.10734701,0.06101341166688225,0.010131247099872521,0.024658400560050912,,,0.03160123825073313,0.1033569177100268,0.0691537666320805,0.10306735875700238,-0.06688457489013633,0.03789044320724464,-0.002181148529052379,0.04997592239072558,0.026530590057372905,0.052890663549425884,0.0455107157900448,0.0677074952664314,0.02321174621582056,0.04340950397343232,-0.0322315025329587,0.05766756925209844,0.03611204114018341,0.049214373178050615
65,220198551,220198551.01,8,2559.638555,0.000935306,0.000977602,0.050966388,0.013858636,0.007618686,0.982542219,0.068411463,0.012158283,0.798870341,1.72e-05,1.7e-05,4.680610368,1.307740913,0.77769456,2.228641375,0.095664772,1.185071482,0.04276248,4836,138,4.579,0.15,0.079,0.235, K4,0.841,0.061,0.054,0.98,0.434,0.301,0.818181818,0,LPPC,,,,,,,,,,,,,,,,,,,,,,,,,,,2533837126169762688,8,441.675,410.951,363.894,355.168,382.527,373.172,374.16,371.73,406.228,369.174,400.436,417.59,K4,1.0805883,0.0,0.841,0.061,0.054,4836,138,4.579,0.15,0.98,0.434,0.079,0.235,0.6323,0.1054,0.0,1,GALAH,,,,,,,,,,,,,,,,,,,,,,,,,,,,,,01183042-0003234,2.533837126169763e+18,4895.326,79.41668698680216,4.49503,0.18065864321360528,0.24819422,0.05550197895405077,-0.015347857639953702,0.025304066387837228,,,,,-0.05909444808959918,0.09768658364317467,0.045464935302734766,0.03546654095511008,0.25673189163208043,0.056065771728754044,0.11820301055908189,0.049692366689957954,-0.1001116649709172,0.06243166835437195,-0.023331375122070064,0.04092801049723264,0.061565227508545206,0.05439792893336445,-0.01040798369441989,0.03219448092376651
62,220207374,220207374.01,8,2559.996279,0.007481014,0.005671778,0.011262184,0.000449616,0.000554015,0.287760197,0.196316345,0.266047602,8.267884447,0.002480814,0.001969223,1.957871376,0.13850886,0.154416518,11.51897199,1.347894845,0.885734535,0.221754795,5595,138,4.137,0.15,0.015,0.235, G4,1.541,0.095,0.09,1.194,0.526,0.362,0.730769231,0,LPPC,2M01235805+0015339,5996.548,41.188297,4.2767906,0.029033601,0.040073,0.007244293,5.776304,0.0021677017,0.055069555,-0.022208098,0.12561488,-0.9431894,0.1881703,0.012820505,0.016013376,0.22684297,0.022368997,0.060583003,0.018841434,-0.027126098,0.060863044,0.022195,0.017534396,0.16268,0.102681614,2534280057557160704,8,63.132,69.318,60.161,61.816,63.944,54.436,51.663,49.591,44.481,39.851,40.944,36.496,G4,1.758712,1.0,1.541,0.095,0.09,5595,138,4.137,0.15,1.194,0.526,0.015,0.235,0.4888,0.196,2.930517,1,APOGEE,,,,,,,,,,,,,,,,,,,,,,,,,,,,,,,,,,,,,,,,,,,,,,,,,,,,,,,,,,,
63,220211923,220211923.01,8,2580.419955,0.009429368,0.009678628,0.014745291,0.000643474,0.00062456,0.436840579,0.228956221,0.168573418,26.67192112,0.005978186,0.00623529,1.966036834,0.140374024,0.149354491,31.48582368,3.469050269,2.680728071,0.2470018,5899,138,4.233,0.15,-0.175,0.235, G1,1.221,0.077,0.069,0.937,0.408,0.291,0.9,0,KP,2M01005219+0025334,5859.59,42.510662,4.3526964,0.034034375,-0.25509,0.00939948,1.7963874,0.12448999,0.063731186,0.20804289,0.122949585,0.3218276,0.25378266,0.074299306,0.018042335,0.080446005,0.023808938,0.09278099,0.020229088,-0.045850515,0.07213174,-0.047803015,0.021461444,-0.09214002,0.10978821,2536584771367726336,8,84.906,72.239,63.914,59.445,52.503,48.065,42.312,41.985,37.964,35.772,35.194,33.878,G1,1.0608836,0.0,1.221,0.077,0.069,5899,138,4.233,0.15,0.937,0.408,-0.175,0.235,0.3434,0.2918,0.0,1,APOGEE,,,,,,,,,,,,,,,,,,,,,,,,,,,,,,,,,,,,,,,,,,,,,,,,,,,,,,,,,,,
64,220256496,220256496.01,8,2559.468814,0.002051898,0.0025324,0.014005407,0.000415761,0.000398345,0.143881223,0.102310876,0.146449762,0.669640611,4.29e-05,2.27e-05,1.209747842,0.046196135,0.045036619,3.981723572,0.16530112,0.15145838,0.054319446,5188,31,4.665,0.051,0.16,0.029, K1,0.791,0.019,0.019,1.053,0.143,0.125,0.88,0,KP,2M01242543+0142176,5158.37,19.303564,4.5309362,0.022041302,0.028793,0.0073309275,1.5016544,-0.051957004,0.022285616,0.020860903,0.028734973,0.0522703,0.09323818,0.008159503,0.014186789,0.046660997,0.020184869,0.042867996,0.014874398,-0.090592496,0.054203928,-0.024034,0.013559726,-0.0426255,0.042956743,2559203924574351616,8,178.232,157.156,150.562,136.754,139.33,121.33,118.238,108.011,112.064,104.772,104.437,102.034,K1,0.9404005,0.0,0.791,0.019,0.019,5188,31,4.665,0.051,1.053,0.143,0.16,0.029,0.5256,0.186,0.0,1,APOGEE,,,,,,,,,,,,,,,,,,,,,,,,,,,,,,,,,,,,,,,,,,,,,,,,,,,,,,,,,,,
65,220294712,220294712.01,8,2580.718332,0.003024662,0.002705081,0.025260948,0.000485625,0.000530342,0.399838725,0.204247634,0.115097211,23.61109241,0.00205447,0.003478004,3.326745599,0.111250621,0.116937855,29.3429006,1.784680337,1.732787555,0.241850727,6145,43,4.286,0.07,-0.116,0.04, F6,1.206,0.034,0.033,1.024,0.194,0.163,0.865384615,0,LPPC,2M01123885+0231187,6046.704,42.58635,4.279241,0.028566964,-0.086311,0.007233631,4.8065114,-0.010822803,0.059318367,-0.020760104,0.13061595,-0.3555054,0.2108739,-0.010542497,0.01539935,0.122260995,0.019736998,0.127408,0.017425898,0.054625504,0.05858551,-0.006398,0.017133001,-0.5732071,0.106434904,2538769088655260416,8,96.655,89.467,82.675,77.213,74.667,66.185,60.544,51.97,47.931,43.25,38.683,36.734,F6,1.0007548,0.0,1.206,0.034,0.033,6145,43,4.286,0.07,1.024,0.194,-0.116,0.04,0.319,0.302,0.0,1,APOGEE,,,,,,,,,,,,,,,,,,,,,,,,,,,,,,,,,,,,,,,,,,,,,,,,,,,,,,,,,,,
66,220376054,220376054.01,8,2563.60159,0.004712952,0.003096392,0.018118406,0.000613228,0.000627202,0.613242098,0.177734407,0.108165083,8.596009945,0.000595529,0.000805664,2.463269769,0.165057192,0.172863232,14.36499991,1.734485412,1.923725877,0.154885056,5774,138,4.208,0.15,-0.301,0.235, G2,1.245,0.076,0.072,0.909,0.398,0.279,0.94,0,KP,2M00593025+0413402,5731.7935,29.331419,4.1427517,0.023060117,0.02094,0.0063185636,4.2231836,0.088846005,0.0358692,0.16435689,0.06483912,0.2139436,0.13294736,0.048030503,0.0134255355,0.17812598,0.017359108,0.126526,0.0145197855,0.0055644996,0.049844913,-0.025115,0.013386021,-0.303707,0.06793471,2551946391916754176,8,73.33,69.571,68.579,64.322,63.399,58.172,55.761,58.574,56.816,56.657,54.081,55.263,G2,1.1164384,0.0,1.245,0.076,0.072,5774,138,4.208,0.15,0.909,0.398,-0.301,0.235,0.3933,0.2513,0.0,1,APOGEE,,,,,,,,,,,,,,,,,,,,,,,,,,,,,,,,,,,,,,,,,,,,,,,,,,,,,,,,,,,
67,220397060,220397060.01,8,2570.229856,0.001202968,0.001006379,0.05802072,0.002473312,0.001145659,0.639098165,0.240611535,0.057426353,12.0929802,0.000386601,0.000520894,15.78469655,1.333737339,1.273017629,8.775275379,0.564198729,1.69256633,0.370438633,5193,138,3.761,0.15,-0.183,0.235, G8,2.481,0.194,0.181,1.298,0.595,0.41,0.862745098,0,LPPC,2M00344732+0439279,5155.81,24.117142,3.9645104,0.030059237,-0.22325,0.010419373,6.0665245,0.057114005,0.032495365,0.077748,0.041065298,0.042272,0.14985034,0.146145,0.018202037,0.10734899,0.026228098,0.04609561,0.019374933,0.14162199,0.07382908,0.086365,0.01974834,0.07080516,0.058165513,2554461937082235904,8,192.077,174.585,170.741,149.491,156.043,155.924,137.049,129.418,142.528,141.164,128.282,121.646,G8,,1.0,2.481,0.194,0.181,5193,138,3.761,0.15,1.298,0.595,-0.183,0.235,0.4977,0.1956,5.19695,1,APOGEE,,,,,,,,,,,,,,,,,,,,,,,,,,,,,,,,,,,,,,,,,,,,,,,,,,,,,,,,,,,
66,220400100,220400100.01,8,2569.421939,0.002530329,0.00188164,0.030384604,0.000663504,0.000926609,0.257570345,0.173534408,0.211916115,10.79470076,0.000683687,0.000733922,2.415503095,0.16777141,0.196796445,25.28793641,2.044884026,1.058977413,0.135596341,4648,138,4.632,0.15,-0.014,0.235, K3,0.728,0.055,0.048,0.832,0.374,0.258,0.843137255,0,PC,,,,,,,,,,,,,,,,,,,,,,,,,,,2554244130700741504,8,186.263,164.837,155.217,130.752,137.962,122.016,119.293,106.849,100.079,95.928,93.873,90.951,K3,1.0011786,0.0,0.728,0.055,0.048,4648,138,4.632,0.15,0.832,0.374,-0.014,0.235,0.6331,0.1127,0.0,1,GALAH,,,,,,,,,,,,,,,,,,,,,,,,,,,,,,00392335+0443037,2.5542441307007416e+18,4742.102,122.98963072888493,4.588527,0.19390581458252903,-0.12415981,0.11817473651047827,0.05571394575623986,0.07722919676101134,-0.2172453880310059,0.13504258493096405,,,1.2993597793579106,0.22862141597262786,-0.16591793060302695,0.12836818488434296,,,0.1467531585693358,0.1273799631499035,-0.10711316927566046,0.23624968010376746,0.04846218109130884,0.12430135885105988,0.04408676147460966,0.13720181074262305,0.07753330041443679,0.14167841871168804
67,220436208,220436208.01,8,2563.503952,0.001347424,0.00122675,0.033774501,0.000867484,0.001622729,0.510866295,0.278188043,0.199266769,5.236030802,0.000161885,0.000182261,4.245090011,0.273471894,0.340716202,10.68952883,1.947793382,1.36202321,0.140292099,5679,138,4.279,0.15,-0.044,0.235, G4,1.151,0.074,0.068,0.923,0.4,0.278,0.9,0,PC,,,,,,,,,,,,,,,,,,,,,,,,,,,2552929320952237952,8,81.362,133.242,134.023,115.32,106.907,89.405,63.724,68.789,69.618,70.297,64.898,66.321,G4,0.9582774,0.0,1.151,0.074,0.068,5679,138,4.279,0.15,0.923,0.4,-0.044,0.235,0.4264,0.2334,0.0,1,GALAH,,,,,,,,,,,,,,,,,,,,,,,,,,,,,,00485666+0524595,2.552929320952238e+18,5617.309,95.90884465835104,4.3241363,0.1857988189286222,0.2739997,0.08212829862115538,-0.015112838436004207,0.04150497226606216,0.30014414787292476,0.10264193047383746,-0.009068202972411399,0.14742348253849608,-0.19051744461059528,0.15949358066104077,-0.03295093536376914,0.0713481862351078,0.06924905776977575,0.105663578566463,0.06926235198974595,0.08639292399954596,-0.0031691086015631607,0.13462492713751767,-0.042309017181396236,0.07507479866992618,-0.08773582458496065,0.0928102664686232,0.05537976192263002,0.09049816062917172
44,220437615,220437615.01,8,2559.200139,0.002573164,0.002466718,0.010824195,0.000576359,0.000554887,0.120897557,0.085691201,0.112916617,1.979386181,0.000236298,0.000149133,0.828583468,0.047121076,0.045585755,8.577547773,0.287928839,0.347482023,0.073885684,5351,29,4.71,0.047,-0.547,0.027, G8,0.701,0.014,0.014,0.92,0.11,0.102,0.843137255,0,FP,,,,,,,,,,,,,,,,,,,,,,,,,,,2552357884143539712,8,150.733,136.334,136.459,123.626,112.877,119.97,108.838,108.132,104.776,96.06,90.824,101.303,G8,0.9366104,0.0,0.701,0.014,0.014,5351,29,4.71,0.047,0.92,0.11,-0.547,0.027,0.4535,0.2337,0.0,1,LAMOST,LAMOST J010132.24+052637.9,20181130TD010605N031628K0116236_v2.9.7,15.384371,5.443878,5217.64,4.602,-0.545,2.674,23.616,-0.034,0.04,0.135,0.058,0.083,0.064,28.61,0.031,0.037,0.112,0.089,0.034,0.046,0.035,0.028,0.025,0.082,0.055,0.023,0.083,,,,,,,,,,,,,,,,,,,,,,,,,,,,,,
45,220477223,220477223.01,8,2561.016667,0.002120332,0.001940065,0.036791934,0.001226066,0.001409105,0.624703478,0.146221913,0.105400483,4.684559297,0.000183691,0.000213741,4.756932164,0.305496228,0.341863953,10.17720915,1.18367234,1.184449988,0.121370911,5829,138,4.244,0.15,0.027,0.235, G3,1.184,0.072,0.065,0.901,0.389,0.277,0.803921569,0,PC,,,,,,,,,,,,,,,,,,,,,,,,,,,2576503365647719296,8,259.199,206.151,261.215,208.298,221.983,234.96,238.804,255.623,251.057,268.017,271.635,253.834,G3,1.1131265,0.0,1.184,0.072,0.065,5829,138,4.244,0.15,0.901,0.389,0.027,0.235,0.4727,0.1992,0.0,1,LAMOST,LAMOST J010634.46+061458.3,20170928HIP50740109163_v2.9.7,16.643593,6.2495432,5798.07,4.204,-0.289,2.706,8.833,0.141,-0.039,0.132,0.076,0.077,0.043,27.45,0.04,0.034,0.11,0.088,0.039,0.036,0.041,0.029,0.025,0.196,0.065,0.023,0.084,,,,,,,,,,,,,,,,,,,,,,,,,,,,,,
68,220481411,220481411.01,8,2561.040223,0.001176244,0.001234975,0.020213028,0.000359815,0.0004668,0.204615532,0.141376328,0.190845756,2.174871955,5.89e-05,5.63e-05,1.553912911,0.109500054,0.120256901,8.642520279,0.474425491,0.279447078,0.080240172,4414,138,4.641,0.15,-0.073,0.235, K5,0.704,0.052,0.048,0.795,0.364,0.248,0.92,0,KP,2M00455526+0620490,4665.7266,12.01687,4.6039906,0.018672818,-0.044853,0.0071400795,1.5025883,-0.0055915006,0.013652161,0.027787901,0.012737808,0.0985286,0.061734796,0.08884551,0.012652909,0.080638,0.017078372,0.010041997,0.012220537,-0.08691749,0.047846477,0.021623999,0.011291022,-0.015369996,0.0252052,2556231154370582400,8,109.008,88.903,86.291,83.524,80.987,73.268,68.543,67.951,63.721,60.674,57.076,62.125,K5,1.5965384,0.0,0.704,0.052,0.048,4414,138,4.641,0.15,0.795,0.364,-0.073,0.235,0.674,0.0722,0.0,1,APOGEE,,,,,,,,,,,,,,,,,,,,,,,,,,,,,,,,,,,,,,,,,,,,,,,,,,,,,,,,,,,
47,220482894,220482894.01,8,2561.847031,0.011167753,0.012455191,0.010045218,0.000677583,0.00051929,0.33863553,0.212706159,0.199684835,22.07020252,0.007145788,0.017175963,2.131350156,0.19345076,0.175900293,20.40694256,2.444832931,1.60937995,0.327706004,6133,138,4.078,0.15,-0.053,0.235, F8,1.943,0.125,0.118,1.641,0.755,0.498,0.846153846,0,LPPC,,,,,,,,,,,,,,,,,,,,,,,,,,,2553240791980782848,8,66.775,58.344,50.014,48.877,45.551,41.5,41.359,35.111,34.966,31.6,30.15,29.812,F8,1.2032723,0.0,1.943,0.125,0.118,6133,138,4.078,0.15,1.641,0.755,-0.053,0.235,0.3448,0.2668,0.0,1,LAMOST,LAMOST J005954.14+062255.0,20171126HIP4323K20108055_v2.9.7,14.975604,6.3819451,6050.96,3.832,-0.131,2.733,8.424,0.126,0.106,0.108,0.09,0.057,0.037,27.36,0.039,0.034,0.061,0.088,0.039,0.036,0.04,0.029,0.027,0.082,0.068,0.024,0.083,,,,,,,,,,,,,,,,,,,,,,,,,,,,,,
69,220487418,220487418.01,8,2562.008493,0.003927766,0.004804057,0.020788447,0.000336874,0.000472347,0.28508141,0.193541222,0.209935417,14.07320067,0.001397026,0.001363309,2.848973508,0.16547753,0.180028117,18.95696235,1.759522811,0.810436948,0.231723651,5960,138,4.224,0.15,-0.096,0.235, G1,1.255,0.074,0.07,0.969,0.411,0.297,0.88,0,KP,2M00451161+0628536,6071.4287,41.849937,4.320609,0.026672095,0.097838,0.006684154,3.929796,-0.114052,0.05498804,0.003718704,0.13178095,-0.033104397,0.18099299,-0.036242492,0.015289134,0.096328005,0.021047248,0.093632,0.01805343,-0.1267425,0.057138108,-0.051382996,0.016435862,-0.097651996,0.10353801,2556248536102683008,8,81.883,73.424,67.381,59.845,56.713,49.676,47.484,45.5,43.402,44.702,42.006,40.456,G1,1.3036038,0.0,1.255,0.074,0.07,5960,138,4.224,0.15,0.969,0.411,-0.096,0.235,0.3469,0.291,0.0,1,APOGEE,,,,,,,,,,,,,,,,,,,,,,,,,,,,,,,,,,,,,,,,,,,,,,,,,,,,,,,,,,,
70,220503236,220503236.01,8,2563.462102,0.001912101,0.001979566,0.022668784,0.000490091,0.000629029,0.409711049,0.224221572,0.165078732,8.679599286,0.000363583,0.000357754,2.567865708,0.161341359,0.17872477,16.7130826,1.712748435,1.247270936,0.154976334,5758,138,4.321,0.15,0.048,0.235, G4,1.034,0.066,0.061,0.817,0.365,0.252,0.846153846,0,KP,2M00511431+0650473,5657.6387,30.828472,4.4189935,0.025796628,0.077627,0.0074233925,1.5055666,-0.031554,0.03843144,0.1234909,0.07131867,0.077014595,0.14167753,0.011024505,0.015689323,0.135489,0.02283329,0.039871998,0.017891755,-0.1227495,0.06004312,0.015377,0.016284019,-0.361343,0.07370024,2556472119215785728,8,110.548,87.946,72.065,66.672,61.7,40.503,33.319,38.098,31.72,30.326,28.01,25.936,G4,1.4624174,1.0,1.034,0.066,0.061,5758,138,4.321,0.15,0.817,0.365,0.048,0.235,0.4264,0.2334,5.472359,1,APOGEE,,,,,,,,,,,,,,,,,,,,,,,,,,,,,,,,,,,,,,,,,,,,,,,,,,,,,,,,,,,
49,220522262,220522262.01,8,2560.881214,0.00039639,0.000352164,0.107271539,0.001229269,0.000956066,0.687690222,0.025854114,0.018520221,8.687835125,7.46e-05,8.51e-05,8.808967148,0.640562772,0.672300898,19.58685855,0.475973285,0.630478611,0.122567345,4570,138,4.609,0.15,-0.045,0.235, K4,0.752,0.057,0.054,0.835,0.392,0.259,0.88,0,KP,,,,,,,,,,,,,,,,,,,,,,,,,,,2577432178095422976,8,322.973,262.362,256.986,104.853,22.408,20.881,18.989,18.337,17.852,18.146,17.793,17.717,K4,1.0113755,0.0,0.752,0.057,0.054,4570,138,4.609,0.15,0.835,0.392,-0.045,0.235,0.6497,0.0921,0.0,1,LAMOST,LAMOST J010454.56+071609.2,20171126HIP4323K20113049_v2.9.7,16.22735,7.2692342,4733.65,4.566,0.144,0.238,19.764,-0.206,0.126,-0.029,0.034,-0.052,-0.03,61.38,0.031,0.081,0.298,0.1,0.054,0.111,0.042,0.047,0.045,0.098,0.09,0.035,0.094,,,,,,,,,,,,,,,,,,,,,,,,,,,,,,
71,220522664,220522664.01,8,2559.468299,0.002774593,0.004068761,0.030394394,0.001292799,0.00127695,0.67740993,0.048939521,0.038843809,16.37239604,0.001610706,0.001423998,1.981483491,0.103307714,0.102466521,38.11980088,1.22260766,1.234469192,0.106154553,3730,138,4.653,0.027,0.189,0.235, M1,0.597,0.018,0.018,0.586,0.016,0.016,0.843137255,0,LPPC,2M00391724+0716375,3900.7656,8.37166,4.6290855,0.020236278,0.14986,0.010065502,1.6988695,0.010101005,0.012073039,-0.061633095,0.010885499,,,-0.07907149,0.016846154,,,-0.044807002,0.017232914,,,-0.041641995,0.015041858,-0.18575099,0.01925763,2557342829345854208,8,277.579,237.998,229.332,231.465,223.188,191.09,198.613,193.247,191.823,187.194,184.616,190.309,M1,1.0664933,0.0,0.597,0.018,0.018,3730,138,4.653,0.029,0.586,0.016,0.189,0.235,0.5308,0.2107,0.0,1,APOGEE,,,,,,,,,,,,,,,,,,,,,,,,,,,,,,,,,,,,,,,,,,,,,,,,,,,,,,,,,,,
50,220554210,220554210.01,8,2566.714711,0.014918911,0.010991618,0.024721404,0.001241941,0.001463151,0.391092153,0.252652771,0.216732517,27.23684461,0.007397792,0.00956369,2.507907327,0.192677715,0.221697208,40.79901704,3.899278505,3.809876404,0.201287534,5484,138,4.479,0.15,0.048,0.235, G8,0.929,0.061,0.054,0.951,0.413,0.295,0.803921569,0,KP,,,,,,,,,,,,,,,,,,,,,,,,,,,2580848395082660992,8,221.939,194.408,190.274,169.671,152.457,143.303,136.961,136.058,130.533,128.879,132.5,125.191,G8,0.928166,0.0,0.929,0.061,0.054,5484,138,4.479,0.15,0.951,0.413,0.048,0.235,0.4594,0.2284,0.0,1,LAMOST,LAMOST J005343.68+075943.1,20171128HIP4323K20115010_v2.9.7,13.432017,7.995316,5362.58,4.426,0.114,0.4,17.565,0.026,0.117,-0.051,-0.055,-0.095,0.079,57.53,0.03,0.077,0.156,0.102,0.052,0.092,0.047,0.047,0.045,0.099,0.092,0.034,0.092,,,,,,,,,,,,,,,,,,,,,,,,,,,,,,
72,220621788,220621788.01,8,2568.272112,0.005523932,0.002489246,0.02237182,0.000750404,0.00080496,0.718737314,0.097255296,0.076639278,13.68220747,0.000906945,0.001260942,2.447888749,0.161655835,0.175213114,23.10747172,2.853692418,2.847312834,0.13706107,5677,138,4.352,0.15,-0.016,0.235, G4,1.002,0.062,0.057,0.827,0.355,0.252,0.846153846,0,KP,2M00510476+0931003,5485.992,24.239674,4.40141,0.022473402,-0.024398,0.00666495,2.2292562,-0.034498997,0.02899523,0.09540489,0.044124495,-0.03313841,0.11602885,0.026389506,0.01339422,0.135929,0.017414538,0.038796,0.0140377,-0.042689502,0.05027645,-0.040221,0.01310209,-0.152565,0.054888204,2581918597853527424,8,66.353,61.457,60.921,51.715,52.293,46.674,46.478,41.649,39.444,40.188,38.417,37.911,G4,1.3119487,0.0,1.002,0.062,0.057,5677,138,4.352,0.15,0.827,0.355,-0.016,0.235,0.4264,0.2334,0.0,1,APOGEE,,,,,,,,,,,,,,,,,,,,,,,,,,,,,,,,,,,,,,,,,,,,,,,,,,,,,,,,,,,
70,220629489,220629489.01,8,2559.992027,0.001533538,0.001192383,0.038354038,0.000722679,0.001600011,0.287126634,0.191209813,0.255647975,1.92085688,5.34e-05,6.95e-05,3.384114847,0.115522247,0.168583525,8.447752563,0.937219635,0.408294507,0.072392155,4927,46,4.68,0.077,0.294,0.044, K3,0.808,0.022,0.023,1.135,0.238,0.191,0.901960784,0,KP,,,,,,,,,,,,,,,,,,,,,,,,,,,2581916673708201216,8,292.249,287.616,240.293,220.706,204.997,187.082,188.907,179.662,173.532,167.865,162.379,166.544,K3,0.99980694,0.0,0.808,0.022,0.023,4927,46,4.68,0.077,1.135,0.238,0.294,0.044,0.5896,0.1405,0.0,1,GALAH,,,,,,,,,,,,,,,,,,,,,,,,,,,,,,00524666+0941345,2.581916673708201e+18,5013.549,91.0104822654431,4.5424356,0.18505880637782376,0.32920504,0.07374032037717207,-0.013604267585120695,0.03632127978462345,,,,,-0.10334302902221637,0.14747995929155283,0.022674503326416406,0.06311894759494266,0.09362974166870153,0.09086525801353033,0.11174329757690415,0.07926446495939157,-0.16187241467484992,0.1188956913335819,-0.07986471176147436,0.06758538828836713,0.10916978836059599,0.08522403210032974,-0.06849533796735716,0.05973029354200831
73,220636054,220636054.01,8,2561.116464,0.019708586,0.019528361,0.045788976,0.007995425,0.006364817,0.986395674,0.014658189,0.009545449,7.123589355,0.003036791,0.003205055,53.62167487,10.11055464,8.516538608,2.326767792,0.187602519,0.190396812,0.339839107,4697,138,2.443,0.15,-0.19,0.235, G9,10.724,0.824,0.763,1.152,0.53,0.362,0.86,0,FP,2M00484808+0950364,4882.822,9.283745,2.7492237,0.024410298,-0.26176,0.007364858,,-0.19552001,0.01494825,-0.05192703,0.02042166,0.24077299,0.07050585,-0.0020450056,0.011874289,0.10548599,0.018928306,0.04232259,0.01402553,-0.038287997,0.03735713,0.017757982,0.014531895,0.032975167,0.021855025,2582086582614532352,8,350.678,400.852,370.094,341.512,326.653,266.942,239.456,226.09,198.667,184.646,187.811,180.624,G9,1.0171512,0.0,10.724,0.824,0.763,4697,138,2.443,0.15,1.152,0.53,-0.19,0.235,0.594,0.1392,0.0,1,APOGEE,,,,,,,,,,,,,,,,,,,,,,,,,,,,,,,,,,,,,,,,,,,,,,,,,,,,,,,,,,,
74,220650439,220650439.01,8,2559.960083,0.005207986,0.002384007,0.014955397,0.000345713,0.000342443,0.172826114,0.116300204,0.133417466,2.399035356,0.000114478,0.000210082,1.6135318,0.055300524,0.056284786,7.595563201,0.241969394,0.205257798,0.100843398,5704,25,4.467,0.041,0.144,0.023, G4,0.988,0.026,0.025,1.044,0.119,0.108,0.826923077,0,KP,2M01063719+1011231,5626.005,31.032099,4.4678354,0.026577728,0.10323,0.007785583,1.5077176,-0.173794,0.038760625,0.0971199,0.072321564,0.06653759,0.14250012,0.033702493,0.016451895,0.105256006,0.024937166,0.07868299,0.019091062,-0.0282005,0.063528135,-0.033464998,0.017243626,-0.241705,0.07480469,2582898606311167872,8,119.958,105.343,101.362,91.525,90.965,88.278,82.682,80.569,78.648,78.09,75.319,75.236,G4,0.9862391,0.0,0.988,0.026,0.025,5704,25,4.467,0.041,1.044,0.119,0.144,0.023,0.4096,0.2602,0.0,1,APOGEE,,,,,,,,,,,,,,,,,,,,,,,,,,,,,,,,,,,,,,,,,,,,,,,,,,,,,,,,,,,
75,220674823,220674823.01,8,2559.372467,0.004947998,0.004635194,0.024359411,0.001191062,0.001563011,0.523432363,0.291324177,0.169733491,13.34566391,0.001202218,0.000620623,2.580246251,0.195209478,0.231817795,24.77265523,2.390376065,2.073685443,0.151026359,5619,138,4.359,0.15,-0.143,0.235, F9,0.97,0.061,0.056,0.794,0.337,0.244,0.781818182,0,KP,2M00521914+1047409,5440.3667,22.517996,4.4690747,0.020976411,0.080114,0.006283986,1.5153745,-0.089535005,0.02564656,0.07015789,0.03924234,-0.12838039,0.099386245,0.0189875,0.013051927,0.17983198,0.017667629,0.038494997,0.013842542,0.028229497,0.04845807,-0.043193,0.012337516,-0.15878502,0.050102383,2582617711154563968,8,99.611,99.105,95.933,88.206,92.119,80.287,78.47,83.523,73.621,71.868,71.255,69.457,F9,1.0516827,0.0,0.97,0.061,0.056,5619,138,4.359,0.15,0.794,0.337,-0.143,0.235,0.4415,0.2396,0.0,1,APOGEE,,,,,,,,,,,,,,,,,,,,,,,,,,,,,,,,,,,,,,,,,,,,,,,,,,,,,,,,,,,
78,228735255,228735255.01,10,2755.285174,0.000270802,0.000249048,0.118720387,0.000466851,0.000471997,0.62722607,0.01178415,0.010982267,6.569197594,4.27e-05,4.47e-05,13.13280172,0.779568409,0.857233111,11.85770046,0.130353447,0.132856171,0.163523222,5690,138,4.353,0.15,-0.108,0.235, G4,1.013,0.066,0.06,0.841,0.374,0.254,0.96,0,KP,2M12323296-0936274,5615.8955,26.194574,4.442778,0.021483455,0.19913,0.006117904,2.9497147,-0.014070988,0.029789625,0.12126291,0.05399456,-0.04668939,0.10583087,0.014270514,0.013602385,0.12451598,0.01943498,0.08721602,0.015225001,0.016322508,0.050138153,-0.039592996,0.012994897,-0.042670995,0.059545785,3579426053724051584,10,311.056,323.415,314.398,322.196,387.883,1256.526,2054.677,2445.981,1179.411,1018.489,719.414,2740.861,G4,1.0067984,0.0,1.013,0.066,0.06,5690,138,4.353,0.15,0.841,0.374,-0.108,0.235,0.4124,0.2427,0.0,1,APOGEE,,,,,,,,,,,,,,,,,,,,,,,,,,,,,,,,,,,,,,,,,,,,,,,,,,,,,,,,,,,
73,228785943,228785943.01,10,2761.5437,0.012344171,0.027612718,0.129401882,0.003520669,0.004148938,0.136294137,0.095213307,0.139285508,13.96660174,0.007503949,0.004791413,20.22101097,0.809260663,0.908120169,18.08948126,0.893070108,1.658748816,0.275712266,5677,48,4.425,0.08,0.041,0.046, G4,1.431,0.045,0.042,1.994,0.428,0.348,0.58,0,FP,,,,,,,,,,,,,,,,,,,,,,,,,,,3675819452153113472,10,3671.602,3427.573,3564.299,3346.606,4207.401,4753.159,4235.927,4224.417,3820.105,3908.064,3780.046,3952.842,G4,0.9914846,0.0,1.431,0.045,0.042,5677,48,4.425,0.08,1.994,0.428,0.041,0.046,0.4264,0.2334,0.0,1,GALAH,,,,,,,,,,,,,,,,,,,,,,,,,,,,,,12492571-0721504,3.6758194521531136e+18,5597.433,103.49382097182531,4.066259,0.1870655988888754,-0.3281994,0.09974611354433852,0.015877068282042064,0.052370635990201135,0.8445323228836059,0.11010707504390928,0.3738191604614265,0.1571630988734961,0.15380523681640668,0.17436227699616194,0.03923505783081094,0.08226805637624016,-0.27295885086059535,0.1261088216620625,0.23725017547607408,0.09521294498187638,-0.07064820686674168,0.15498549571327655,0.10422304153442408,0.08482033834443946,0.019973106384277628,0.10225957064816811,0.09769988040180423,0.12207645353979715
79,245950175,245950175.01,12,2907.643936,0.002430274,0.002296375,0.03601803,0.000980154,0.00121602,0.324591889,0.215303926,0.214070436,8.261976401,0.000445091,0.000447304,3.307795025,0.216280308,0.246951104,20.04609367,2.029365502,1.100335512,0.129125066,5303,138,4.547,0.15,0.035,0.235, G7,0.841,0.056,0.05,0.911,0.412,0.28,0.886792453,0,KP,2M23154776-1050590,5228.4116,20.894335,4.5244718,0.022627642,0.11079,0.0074144565,1.5039729,-0.069902994,0.023966243,-0.0732871,0.033888735,0.1028136,0.09557521,0.017904505,0.01489212,0.08672601,0.022499468,0.03268601,0.016234584,-0.013316497,0.05705414,-0.0064289942,0.014354241,-0.03676869,0.04716783,2413596935442139520,12,406.143,394.323,459.803,434.951,438.919,475.806,495.636,533.994,523.613,574.101,554.992,548.548,G7,0.94286907,0.0,0.841,0.056,0.05,5303,138,4.547,0.15,0.911,0.412,0.035,0.235,0.5204,0.1796,0.0,1,APOGEE,,,,,,,,,,,,,,,,,,,,,,,,,,,,,,,,,,,,,,,,,,,,,,,,,,,,,,,,,,,
80,245995977,245995977.01,12,2906.902902,0.001230681,0.001267306,0.044199665,0.00200598,0.001225069,0.892883906,0.045366251,0.017989442,3.312792344,0.000104134,0.0001,4.662498902,0.343268609,0.31272014,5.505387666,0.435660298,0.933985971,0.103866423,5558,138,4.368,0.15,-0.116,0.235, G4,0.966,0.059,0.056,0.789,0.351,0.239,0.574074074,0,PC,2M23424854-0935188,5363.0737,23.499628,4.47045,0.023910005,-0.027053,0.0074847946,1.5071275,0.096255995,0.028456004,0.1943319,0.04124003,0.1772516,0.1168923,0.22413751,0.014641665,0.279549,0.020233383,0.137313,0.015577396,0.050382506,0.056157544,0.029623006,0.014595934,-0.168672,0.05388032,2435650050614494336,12,247.117,234.872,257.552,214.385,201.51,199.15,200.948,188.385,194.275,191.589,192.075,174.029,G4,0.9524711,0.0,0.966,0.059,0.056,5558,138,4.368,0.15,0.789,0.351,-0.116,0.235,0.4415,0.2396,0.0,1,APOGEE,,,,,,,,,,,,,,,,,,,,,,,,,,,,,,,,,,,,,,,,,,,,,,,,,,,,,,,,,,,
81,246067130,246067130.01,12,2906.075561,0.003961095,0.00650513,0.011274746,0.000537035,0.000527294,0.573174115,0.195937201,0.118901445,6.78653927,0.000940106,0.00052694,1.200422207,0.086760504,0.089871224,15.08232921,1.595589351,1.619177661,0.119392557,5866,138,4.361,0.15,-0.422,0.235, G0,0.975,0.057,0.053,0.795,0.36,0.239,0.84,0,PC,2M23370190-0751504,5807.6743,38.281174,4.4399185,0.031251214,-0.25178,0.008658361,1.5112281,0.0036731064,0.056583844,0.11475289,0.10141694,0.24618262,0.22392249,0.090095505,0.020125622,0.168757,0.021049947,0.101568,0.02136729,0.1100025,0.066334896,0.02305299,0.022144314,0.03638801,0.096799396,2439201335733232384,12,47.883,42.277,40.727,39.336,34.122,29.169,28.304,26.741,24.277,23.01,23.068,21.204,G0,0.87252253,0.0,0.975,0.057,0.053,5866,138,4.361,0.15,0.795,0.36,-0.422,0.235,0.3556,0.2865,0.0,1,APOGEE,,,,,,,,,,,,,,,,,,,,,,,,,,,,,,,,,,,,,,,,,,,,,,,,,,,,,,,,,,,
82,246074314,246074314.01,12,2908.516452,0.001672312,0.001690111,0.022189383,0.000629502,0.001333152,0.434478325,0.297218894,0.285290369,4.62265408,0.000251975,0.000222598,1.371463633,0.188219436,0.283618281,11.91991515,2.635747195,1.199763234,0.114331955,5543,138,4.973,0.15,-0.543,0.278,G7,0.566,0.112,0.076,0.757,0.341,0.24,0.811320755,0,PC,2M23445423-0742054,5391.285,18.87284,3.8591242,0.016749388,0.409,0.0050007366,1.9677503,-0.062272996,0.018552326,0.002998203,0.03023695,0.15887359,0.06380207,0.007976502,0.011740522,0.20009598,0.017440725,0.06978318,0.012923631,-0.06612152,0.041595045,-0.081079006,0.009933596,0.009110004,0.039807394,2439325924144650368,12,134.12,118.434,122.798,114.606,103.921,99.875,98.649,94.802,98.123,102.394,96.597,94.686,G7,0.97045743,0.0,0.566,0.112,0.076,5543,138,4.973,0.15,0.757,0.341,-0.543,0.278,0.3957,0.2706,0.0,1,APOGEE,,,,,,,,,,,,,,,,,,,,,,,,,,,,,,,,,,,,,,,,,,,,,,,,,,,,,,,,,,,
75,246380972,246380972.01,12,2910.82448,0.003802723,0.003119998,0.033450217,0.001311809,0.001554675,0.387902379,0.23831551,0.192500211,17.76840382,0.001980514,0.002013644,2.7870587,0.212845168,0.232935368,39.52186811,4.309069992,2.728455776,0.137094091,4961,138,4.667,0.15,-0.154,0.235, K0,0.763,0.053,0.05,0.98,0.452,0.293,0.769230769,0,PC,,,,,,,,,,,,,,,,,,,,,,,,,,,2650500429477747328,12,331.626,318.415,284.73,275.058,249.608,222.572,216.489,211.259,201.593,194.791,188.288,190.033,K0,0.95489234,0.0,0.763,0.053,0.05,4961,138,4.667,0.15,0.98,0.452,-0.154,0.235,0.5508,0.1646,0.0,1,GALAH,,,,,,,,,,,,,,,,,,,,,,,,,,,,,,23034354-0127545,2.650500429477747e+18,4929.484,133.8036063882233,4.557267,0.1997124297659262,-0.048965454,0.12211070005790058,0.1301369917992912,0.07080053978190998,,,,,0.2962803649902348,0.216710357354058,-0.10516935348510703,0.11745787396614418,0.33618726730346715,0.21108174324035645,0.18201955795288072,0.12032084754500046,-0.15848987909893328,0.2175804184576772,0.08689716339111353,0.11514971113636535,0.15753919601440458,0.12947705984348556,0.10496852751907261,0.1122194949687895
83,246429049,246429049.01,12,2906.392602,0.005278493,0.003684201,0.02011465,0.000883295,0.000865483,0.803099568,0.061090006,0.045362351,10.41318066,0.000697373,0.000931923,2.352472684,0.167453486,0.175014417,18.3820579,1.981045665,2.099725278,0.11344569,5678,138,4.321,0.15,0.076,0.235, F9,1.071,0.065,0.06,0.881,0.381,0.269,0.846153846,0,PC,2M23140379-0004558,5695.256,31.418676,4.44745,0.026065134,-0.036641,0.0073658624,1.5036958,-0.13249099,0.040423635,0.13848189,0.07235714,0.13565761,0.15468115,0.009364504,0.015069294,0.102486,0.020264357,0.031433,0.016582306,0.0064555015,0.057608306,-0.017357,0.0158077,-0.22080201,0.0750779,2651117427299894656,12,85.684,84.824,77.696,76.285,71.488,66.025,61.355,58.127,56.066,57.223,54.875,52.712,F9,1.0421475,0.0,1.071,0.065,0.06,5678,138,4.321,0.15,0.881,0.381,0.076,0.235,0.4096,0.2602,0.0,1,APOGEE,,,,,,,,,,,,,,,,,,,,,,,,,,,,,,,,,,,,,,,,,,,,,,,,,,,,,,,,,,,
77,246712205,246712205.01,13,2989.127737,0.000629764,0.000677882,0.131617141,0.000797329,0.000818636,0.595172504,0.027650504,0.024987047,3.561483538,5.23e-05,4.89e-05,32.25209599,1.70718305,1.764893766,5.651406355,0.130580959,0.135090719,0.194012067,7210,138,3.915,0.15,0.11,0.235, AIII,2.244,0.122,0.118,1.517,0.649,0.466,0.843137255,0,LPPC,,,,,,,,,,,,,,,,,,,,,,,,,,,3392777941955037696,13,965.001,737.978,679.32,165.011,545.596,354.138,148.612,140.321,123.764,125.238,144.217,152.829,AIII,0.91909236,0.0,2.244,0.122,0.118,7210,138,3.915,0.15,1.517,0.649,0.11,0.235,0.2361,0.3407,0.0,1,GALAH,,,,,,,,,,,,,,,,,,,,,,,,,,,,,,04572085+1443303,3.3927779419550377e+18,7258.762,123.79764269332743,3.8931828,0.18837554951009997,0.0406909,0.28565612989914024,,,2.765661668777466,0.11490439242499632,0.7227471351623542,0.16336467985820255,-0.10705091476440387,0.1842632568069333,0.6358971023559574,0.16949254274368286,,,0.8544400596618651,0.10108475074771123,,,,,,,,
55,246777408,246777408.01,13,2988.022718,0.002116159,0.002096907,0.110702818,0.00175635,0.001638812,0.478539353,0.166196167,0.091036606,2.465639864,0.000117668,0.000110178,30.18560307,1.585167656,1.70371592,3.480940419,0.210463198,0.261452617,0.229237512,7068,138,3.927,0.15,0.049,0.235, AIII,2.497,0.136,0.125,1.913,0.855,0.579,0.830188679,0,PC,,,,,,,,,,,,,,,,,,,,,,,,,,,3309936857564986240,13,3061.987,2587.956,2515.108,2555.903,2471.105,2356.855,2460.949,2170.458,2209.58,2168.501,2032.288,2186.917,AIII,1.2135301,0.0,2.497,0.136,0.125,7068,138,3.927,0.15,1.913,0.855,0.049,0.235,0.2497,0.336,0.0,1,LAMOST,LAMOST J043724.81+152939.6,20191110TD043731N150847T0104036_v2.9.7,69.353387,15.49436,6820.75,3.674,-0.405,0.926,26.247,-0.077,-0.149,0.095,0.09,0.09,0.1,27.55,0.088,0.037,0.065,0.157,0.058,0.051,0.066,0.047,0.046,0.198,0.14,0.042,0.136,,,,,,,,,,,,,,,,,,,,,,,,,,,,,,
78,246790916,246790916.01,13,2998.043518,0.009153712,0.008431394,0.039082278,0.000710483,0.000823041,0.24399529,0.166845264,0.216909262,12.96312418,0.002571628,0.002834463,9.094512964,0.546980756,0.603857909,10.03086302,0.862009946,0.428374291,0.416190258,6446,138,4.063,0.15,-0.16,0.235, F5,2.128,0.134,0.122,1.909,0.829,0.573,0.735849057,0,FP,,,,,,,,,,,,,,,,,,,,,,,,,,,3393798086883323776,13,384.233,405.481,379.394,382.758,385.387,366.382,373.872,365.9,381.479,381.853,343.571,362.507,F5,1.0101333,1.0,2.128,0.134,0.122,6446,138,4.063,0.15,1.909,0.829,-0.16,0.235,0.2931,0.31,6.385419,1,GALAH,,,,,,,,,,,,,,,,,,,,,,,,,,,,,,05124235+1538348,3.393798086883324e+18,6424.9307,105.062347945677,3.8423133,0.19055525054455916,-0.06351662,0.17622448844880617,,,1.9289018630981445,0.1131067571226151,0.41830806732177805,0.161045874327308,0.19449661254882855,0.18052207649416205,0.09614891052246133,0.13392262160778046,,,0.29296859741210923,0.09886615618921862,,,,,-0.16258161544799776,0.16039255261421204,,
56,246851148,246851148.01,13,2990.124868,0.003312998,0.00313831,0.033182688,0.001071184,0.001557933,0.430069306,0.24082047,0.186840196,18.89619151,0.001179428,0.001001332,1.974834494,0.151736613,0.175124234,45.07004691,5.491332988,3.555293883,0.125379604,4459,138,4.654,0.15,-0.162,0.235, K5,0.545,0.041,0.038,0.488,0.225,0.155,0.784313725,0,PC,,,,,,,,,,,,,,,,,,,,,,,,,,,3309863396444109056,13,161.517,148.989,133.341,119.766,108.556,102.042,95.391,88.867,87.386,85.107,82.085,77.519,K5,1.0584472,0.0,0.545,0.041,0.038,4459,138,4.654,0.15,0.488,0.225,-0.162,0.235,0.666,0.0775,0.0,1,LAMOST,LAMOST J044358.88+161623.0,20191110TD043731N150847T0112157_v2.9.7,70.995372,16.273081,4171.29,4.66,-0.175,1.453,14.771,0.138,-0.124,0.001,0.27,0.044,-0.21,57.48,0.034,0.078,0.314,0.098,0.051,0.131,0.039,0.044,0.044,0.096,0.088,0.036,0.091,,,,,,,,,,,,,,,,,,,,,,,,,,,,,,
79,246876040,246876040.01,13,2992.285871,0.001162798,0.000968221,0.024548888,0.000968617,0.000978309,0.635603393,0.171323254,0.107221199,5.095716654,0.000115135,0.000114998,1.691546037,0.126304273,0.135856459,15.9643475,2.083160954,2.29121343,0.081678193,4938,138,4.515,0.15,-0.388,0.235, G8,0.631,0.044,0.04,0.478,0.214,0.147,0.807692308,0,PC,,,,,,,,,,,,,,,,,,,,,,,,,,,3406132644545570432,13,9909.677,9586.227,9367.624,9366.768,9241.435,9370.296,9373.265,9577.875,9604.876,9945.168,9751.387,9817.062,G8,1.1074079,0.0,0.631,0.044,0.04,4938,138,4.515,0.15,0.478,0.214,-0.388,0.235,0.5396,0.1731,0.0,1,GALAH,,,,,,,,,,,,,,,,,,,,,,,,,,,,,,04442635+1631073,3.4061326445455703e+18,4633.236,80.45641188987835,4.7182074,0.18057853003005278,0.03899336,0.05820031062325426,0.29403140823528506,0.034895017998768846,-0.6763009309768677,0.13800451159477234,,,,,0.10447973251342813,0.0398715267031728,-0.11792907714843714,0.05285939792339721,0.30185064315795884,0.055367220657550606,-0.1957900100359269,0.07569367544203602,-0.24788066864013647,0.045407288226816445,0.34436208724975614,0.060212479550645875,0.2685792432932109,0.04281860178433657
80,246911830,246911830.01,13,2987.737622,0.000119258,0.000120049,0.098946929,0.000150707,0.000152609,0.604061796,0.006866438,0.00667002,2.626701664,6.86e-06,6.88e-06,18.51977796,1.005261264,1.091679215,4.232764837,0.025618967,0.025737131,0.182794275,6692,138,4.107,0.15,-0.098,0.235, F3,1.714,0.101,0.093,1.376,0.591,0.422,0.82,0,KP,,,,,,,,,,,,,,,,,,,,,,,,,,,3394923127797114496,13,177.879,125.952,142.388,134.803,140.191,130.866,115.984,118.447,103.737,109.742,99.255,136.589,F3,1.031247,0.0,1.714,0.101,0.093,6692,138,4.107,0.15,1.376,0.591,-0.098,0.235,0.3058,0.278,0.0,1,GALAH,,,,,,,,,,,,,,,,,,,,,,,,,,,,,,05072816+1652037,3.3949231277971144e+18,6826.355,107.37928643136446,4.110183,0.18761279227679983,0.1497488,0.1499838884675487,0.053187524034506106,0.07293227686609229,1.6055352210998535,0.12458036566559676,-0.12539691925048757,0.17574807116321584,-0.36078693389892535,0.20502577919381182,0.01977867126464883,0.10717393978064414,-0.2695308685302731,0.1755572332807452,-0.12417474746704116,0.11339481307738343,-0.3218655204772949,0.2537093062591024,-0.11544963836669897,0.1064262278046486,0.4301880073547366,0.12192690045683029,,
58,246920193,246920193.01,13,2993.241537,0.000969459,0.001126751,0.01755283,0.000776825,0.000779984,0.869418032,0.04058397,0.034001767,10.19541004,0.000281596,0.000264815,1.813263508,0.132490316,0.138857883,19.43354452,2.458765216,2.492176708,0.088301389,5411,138,4.441,0.15,0.157,0.235, G8,0.946,0.059,0.055,0.896,0.397,0.262,0.690909091,0,LPPC,,,,,,,,,,,,,,,,,,,,,,,,,,,3405623643677842944,13,51.062,47.328,42.018,39.274,37.622,34.155,31.849,29.43,28.764,26.561,24.956,25.191,G8,1.5075313,0.0,0.946,0.059,0.055,5411,138,4.441,0.15,0.896,0.397,0.157,0.235,0.4695,0.224,0.0,1,LAMOST,LAMOST J045558.37+165657.6,20190227NT044841N163803M0113219_v2.9.7,73.993216,16.949359,5453.0,4.426,-0.077,2.897,10.673,-0.041,-0.122,-0.011,-0.057,0.032,-0.007,27.05,0.029,0.033,0.11,0.088,0.03,0.048,0.034,0.027,0.024,0.082,0.06,0.021,0.083,,,,,,,,,,,,,,,,,,,,,,,,,,,,,,
81,246931769,246931769.01,13,2988.026396,0.002736447,0.001755811,0.045604111,0.00084295,0.002052768,0.45729621,0.284157862,0.258180804,13.17885513,0.000720406,0.000625494,9.207962535,0.554636906,0.702917032,13.21351946,2.735197822,1.3840226,0.298774799,7131,138,3.949,0.15,0.052,0.235, AV,1.849,0.114,0.106,1.115,0.485,0.341,0.86,0,LPPC,,,,,,,,,,,,,,,,,,,,,,,,,,,3395012183942771968,13,205.184,205.685,254.665,264.802,256.268,238.163,201.641,216.336,175.763,191.036,169.602,161.368,AV,0.9921069,0.0,1.849,0.114,0.106,7131,138,3.949,0.15,1.115,0.485,0.052,0.235,0.2361,0.3407,0.0,1,GALAH,,,,,,,,,,,,,,,,,,,,,,,,,,,,,,05092432+1703449,3.3950121839427717e+18,6993.271,120.61562302841325,3.8867989,0.19384499168926692,-1.436161,0.711488278371179,,,3.621107292175293,0.12752292447101954,1.62534408569336,0.17948299832432812,0.668694000244141,0.2115441527578451,,,,,1.7789200210571288,0.11725872401181152,,,,,,,,
85,247122439,247122439.01,13,2987.883182,0.000999774,0.001194155,0.012271869,0.000448104,0.000550094,0.377390657,0.251695096,0.197964484,0.732170431,2.02e-05,1.88e-05,1.108252854,0.084083454,0.095656786,4.05311348,0.412697356,0.250051277,0.054505552,4641,138,4.526,0.15,-0.038,0.235, K5,0.827,0.061,0.055,0.836,0.367,0.259,0.8,0,PC,2M04555808+1853005,5321.044,27.207924,4.5351996,0.03048038,-0.22277,0.009989847,1.5042846,-0.09067801,0.037182,0.04451491,0.051605992,0.1632836,0.16660175,0.07452452,0.017855654,0.12179601,0.02500264,0.047510013,0.01914472,0.089712515,0.071989834,0.039776012,0.019656697,0.07450901,0.06627871,3408193889546888704,13,141.936,119.629,115.181,109.38,104.799,90.388,87.099,82.312,82.66,80.443,78.341,77.109,K5,1.0284619,0.0,0.827,0.061,0.055,4641,138,4.526,0.15,0.836,0.367,-0.038,0.235,0.6497,0.0921,0.0,1,APOGEE,,,,,,,,,,,,,,,,,,,,,,,,,,,,,,,,,,,,,,,,,,,,,,,,,,,,,,,,,,,
59,247281516,247281516.01,13,2993.768729,0.000160418,0.00016102,0.10392377,0.000144999,0.000150757,0.594748184,0.006390275,0.006323396,6.770833931,2.48e-05,2.57e-05,25.45463096,1.55514676,1.623252071,7.170275517,0.041608607,0.041213326,0.280330445,6310,138,4.014,0.15,-0.021,0.235, F5,2.243,0.143,0.137,1.895,0.809,0.593,0.78,0,PC,,,,,,,,,,,,,,,,,,,,,,,,,,,3408649117423934208,13,469.269,291.674,156.095,187.202,228.811,123.093,163.961,134.191,123.551,114.822,125.03,139.993,F5,0.8657409,0.0,2.243,0.143,0.137,6310,138,4.014,0.15,1.895,0.809,-0.021,0.235,0.3201,0.305,0.0,1,LAMOST,LAMOST J045656.75+202306.9,20181017TD045606N223435B0101021_v2.9.7,74.236486,20.385257,6177.61,3.683,-0.192,1.565,14.546,0.088,0.002,0.137,0.09,0.044,0.077,30.98,0.042,0.043,0.073,0.156,0.04,0.056,0.061,0.035,0.03,0.193,0.071,0.028,0.083,,,,,,,,,,,,,,,,,,,,,,,,,,,,,,
60,247396991,247396991.01,13,3000.597319,0.004300302,0.004121095,0.02363067,0.000893768,0.000949773,0.241297961,0.168154153,0.201733351,14.61678331,0.002648011,0.002678657,2.118565184,0.151880661,0.167727808,28.79439301,2.011753268,1.629188035,0.160771548,5174,138,4.615,0.15,-0.098,0.235, K0,0.821,0.056,0.05,1.016,0.453,0.31,0.725490196,0,PC,,,,,,,,,,,,,,,,,,,,,,,,,,,3412684638631962368,13,199.338,186.77,180.399,175.697,165.58,155.426,168.013,161.743,158.186,163.636,158.939,145.398,K0,0.9708198,0.0,0.821,0.056,0.05,5174,138,4.615,0.15,1.016,0.453,-0.098,0.235,0.4966,0.2043,0.0,1,LAMOST,LAMOST J044639.75+212218.6,20181017TD045606N223435B0102160_v2.9.7,71.665638,21.371859,5312.51,4.484,-0.131,2.454,14.57,-0.022,-0.014,-0.055,-0.058,0.012,-0.044,31.58,0.03,0.045,0.119,0.091,0.032,0.057,0.036,0.03,0.028,0.083,0.066,0.024,0.084,,,,,,,,,,,,,,,,,,,,,,,,,,,,,,
61,247698108,247698108.01,13,2995.876104,0.002212062,0.002256056,0.052899575,0.001107566,0.001046761,0.576794879,0.098302706,0.069712323,20.37943422,0.00118797,0.001209958,24.60268246,1.885586645,2.012279461,9.976083787,0.632738962,0.71998362,0.573525092,4993,138,3.279,0.15,-0.325,0.235, G5,4.259,0.338,0.314,1.249,0.585,0.385,0.76,0,PC,,,,,,,,,,,,,,,,,,,,,,,,,,,146945266582773376,13,220.272,234.376,203.091,181.182,191.268,165.008,157.034,136.566,124.24,130.09,112.041,103.441,G5,0.9670118,0.0,4.259,0.338,0.314,4993,138,3.279,0.15,1.249,0.585,-0.325,0.235,0.5302,0.1818,0.0,1,LAMOST,LAMOST J044710.66+234157.3,20181030TD045334N231856K0114170_v2.9.7,71.794438,23.699263,5059.98,3.292,-0.01,0.551,27.077,-0.114,-0.121,-0.053,0.017,0.059,-0.073,55.18,0.04,0.075,0.152,0.11,0.049,0.088,0.059,0.048,0.044,0.098,0.084,0.036,0.142,,,,,,,,,,,,,,,,,,,,,,,,,,,,,,
82,247704378,247704378.01,13,2989.217513,0.001666997,0.001715515,0.093933814,0.001370863,0.001230388,0.703361391,0.032365562,0.024281301,5.6406259,0.000218187,0.00021547,55.88958139,4.026920878,4.410763587,3.679696882,0.110285376,0.135874425,0.412431569,4659,138,3.068,0.15,-0.159,0.235, K1,4.266,0.332,0.301,0.783,0.351,0.251,0.698113208,0,LPPC,,,,,,,,,,,,,,,,,,,,,,,,,,,3419394889377186432,13,1409.281,1251.693,1140.508,1131.851,1021.801,908.504,898.356,844.606,799.16,729.759,725.075,660.411,K1,4.505199,1.0,4.266,0.332,0.301,4659,138,3.068,0.15,0.783,0.351,-0.159,0.235,0.6088,0.1226,0.49943,1,GALAH,,,,,,,,,,,,,,,,,,,,,,,,,,,,,,04593514+2344366,3.4193948893771863e+18,5246.5845,85.56232745911292,3.2993894,0.2113993628163634,-0.59379864,0.07694610658784175,0.38798697878855,0.06070657535913388,1.4801389694213867,0.0674877845912408,,,0.6450724411010746,0.0992176864095852,0.22072738647460977,0.06160670146346092,,,,,0.36396957397460916,0.19146251678466797,,,0.4372657012939456,0.06632831692695618,0.13369245529174822,0.15067380666732788
83,247724061,247724061.01,13,2988.619648,0.001616446,0.002172745,0.028934276,0.007366009,0.005259185,0.976318478,0.16012247,0.011406934,1.248904998,5.78e-05,4.66e-05,4.072753969,1.07104921,0.796463586,1.7581957,0.094558033,1.797026936,0.073868106,5496,154,4.235,0.151,-0.1,0.275, G8,1.289,0.093,0.085,1.041,0.468,0.322,0.8,0,PC,,,,,,,,,,,,,,,,,,,,,,,,,,,146833837950817408,13,7347.84,6293.159,5705.82,5184.339,4891.091,4595.157,4272.971,4083.816,3925.406,3893.522,3769.219,3795.491,K2,0.9840473,0.0,1.289,0.093,0.085,5496,154,4.235,0.151,1.041,0.468,-0.1,0.275,0.5508,0.1646,0.0,1,GALAH,,,,,,,,,,,,,,,,,,,,,,,,,,,,,,04433312+2352561,1.468338379508174e+17,5788.5215,146.12981681123796,4.1830273,0.1961386137762758,0.057334423,0.14418986169678336,0.03177928743333349,0.07628261546301277,1.501520824432373,0.12986238567371372,0.5648129463195808,0.18244266475300674,0.23307226181030316,0.2167929628581071,0.12205595016479531,0.117532070452552,0.05642929077148473,0.19709069071617946,0.12395891189575181,0.12036980783535081,0.13906604611866288,0.21770841326350632,-0.002682895660400142,0.11521229195804529,0.05117446899414091,0.1295305365282967,0.10391550064086896,0.29922209358622986
86,247885088,247885088.01,13,2990.888272,0.001942556,0.002061674,0.031148672,0.002527084,0.003338458,0.893182527,0.068539996,0.05031123,6.363301907,0.000273078,0.000276889,2.785775251,0.297775641,0.367514631,16.23648734,3.546159013,3.322087827,0.064289445,4482,138,4.621,0.15,-0.024,0.235, K5,0.819,0.063,0.057,1.022,0.473,0.315,0.86,0,PC,2M05030191+2459243,5100.7725,21.283125,4.537804,0.026251027,-0.041035,0.009155208,1.5965407,0.07564,0.02636484,0.103422895,0.033832666,0.1748396,0.11399327,0.042807505,0.016947724,0.07854801,0.025903843,0.033416998,0.018334065,-0.1350065,0.06739397,-0.006007999,0.017315453,-0.063723,0.04963678,3419945263665769216,13,154.426,141.135,127.09,121.613,106.858,102.121,99.383,93.052,95.003,92.975,89.034,90.505,K5,0.98389643,0.0,0.819,0.063,0.057,4482,138,4.621,0.15,1.022,0.473,-0.024,0.235,0.6782,0.068,0.0,1,APOGEE,,,,,,,,,,,,,,,,,,,,,,,,,,,,,,,,,,,,,,,,,,,,,,,,,,,,,,,,,,,
64,248545986,248545986.01,14,3075.197285,0.001229973,0.001168976,0.027566107,0.000864147,0.000846632,0.557307658,0.066165149,0.05525298,5.238422529,0.000122745,0.000132573,0.770616034,0.034110274,0.033765277,30.2854809,0.965699627,0.983571091,0.047537972,3682,138,4.974,0.028,-0.037,0.235, M3,0.256,0.008,0.008,0.226,0.005,0.005,0.696428571,0,KP,,,,,,,,,,,,,,,,,,,,,,,,,,,3857872051994269824,14,173.162,150.096,134.837,128.764,127.481,107.936,94.884,91.923,93.168,90.367,90.328,88.165,M3,1.1048747,0.0,0.256,0.008,0.008,3682,138,4.974,0.028,0.226,0.005,-0.037,0.235,0.3512,0.3415,0.0,1,LAMOST,LAMOST J104222.59+042628.9,20190116TD103827N055449K0207117_v2.9.7,160.59413,4.441375,3559.82,3.517,-0.405,0.126,0.045,0.5,-0.5,0.5,0.272,0.242,-0.125,41.46,0.033,0.059,0.214,0.092,0.037,0.128,0.031,0.033,0.032,0.09,0.072,0.034,0.096,,,,,,,,,,,,,,,,,,,,,,,,,,,,,,
87,248616368,248616368.01,14,3081.221252,0.001398639,0.001816995,0.045401472,0.000545644,0.000550169,0.047976717,0.033967167,0.053585973,24.96535967,0.001564209,0.001148868,2.662360479,0.085535498,0.085635112,40.65877384,0.677115989,0.475800949,0.204129943,3639,138,4.709,0.028,0.055,0.235, M2,0.537,0.016,0.016,0.536,0.014,0.014,0.614035088,0,KP,2M10374104+0617094,3779.0195,6.385901,4.640258,0.01636358,-0.061395,0.008032866,1.5018274,-0.012727197,0.009432166,-0.0316951,0.00827494,,,-0.012419496,0.012743502,,,-0.033723,0.0117390705,,,,,,,3859431674878660864,14,251.87,230.434,192.836,173.905,179.102,174.584,166.065,163.857,156.823,148.568,166.614,146.662,M2,0.95622844,0.0,0.537,0.016,0.016,3639,138,4.709,0.028,0.536,0.014,0.055,0.235,0.4996,0.2285,0.0,1,APOGEE,,,,,,,,,,,,,,,,,,,,,,,,,,,,,,,,,,,,,,,,,,,,,,,,,,,,,,,,,,,
86,248650566,248650566.01,14,3078.783681,0.006192308,0.004085721,0.028886797,0.001898852,0.001864965,0.585333876,0.306898981,0.143561937,9.82854235,0.002258148,0.001380294,2.775905645,0.24962304,0.256108718,22.83651155,2.729382452,2.502629348,0.115947951,5208,138,4.574,0.15,0.318,0.235, K0,0.88,0.058,0.054,1.066,0.476,0.331,0.862745098,0,LPPC,,,,,,,,,,,,,,,,,,,,,,,,,,,3863299237093706880,14,196.329,171.972,166.707,146.438,138.061,121.136,109.722,98.022,92.089,88.326,81.895,78.465,K0,0.9339066,0.0,0.88,0.058,0.054,5208,138,4.574,0.15,1.066,0.476,0.318,0.235,0.5324,0.1828,0.0,1,GALAH,,,,,,,,,,,,,,,,,,,,,,,,,,,,,,10223993+0708083,3.863299237093707e+18,5129.766,87.1905294984571,4.499902,0.18115633573558365,0.53011656,0.06887298325297445,-0.0805202089719912,0.03172110972533741,,,,,0.13962648391723675,0.133966540066343,0.25600379943847695,0.05453627822242292,-0.07257184982299769,0.07609022076240733,0.21483549118041978,0.07124356935277142,-0.0645744476393975,0.10206464502221038,-0.04380485534667944,0.05960695399502434,0.03285152435302763,0.0767497774858046,-0.16420560001519685,0.05199647321317194
67,248688121,248688121.01,14,3083.532936,0.000350618,0.000410227,0.131031509,0.000535548,0.000461426,0.752303421,0.006896912,0.00550528,13.92845704,0.000184585,0.000183757,29.03223215,2.349615261,2.634774187,13.74223249,0.129008573,0.15317016,0.272644754,5306,138,3.806,0.15,-0.458,0.235, G6,2.029,0.184,0.164,0.965,0.447,0.309,0.846153846,0,LPPC,,,,,,,,,,,,,,,,,,,,,,,,,,,3863639712036430464,14,249.48,252.793,246.776,217.456,196.539,185.75,152.254,154.742,133.595,131.713,112.883,125.494,G6,0.9482725,0.0,2.029,0.184,0.164,5306,138,3.806,0.15,0.965,0.447,-0.458,0.235,0.4669,0.2146,0.0,1,LAMOST,LAMOST J102954.67+080332.1,20171204HIP518020103241_v2.9.7,157.47782,8.0589278,5259.93,3.892,-0.226,0.734,26.499,-0.056,-0.021,0.216,0.054,0.113,0.076,59.33,0.035,0.079,0.158,0.111,0.054,0.094,0.053,0.051,0.047,0.101,0.087,0.038,0.094,,,,,,,,,,,,,,,,,,,,,,,,,,,,,,
68,248740016,248740016.01,14,3077.231867,0.005852413,0.003006347,0.02278574,0.000659456,0.000854394,0.501186378,0.218998458,0.144672496,14.39072121,0.000834643,0.001494763,2.550407878,0.162096839,0.175205437,24.50822444,2.74702712,2.494308808,0.166676246,5872,138,4.352,0.15,-0.074,0.235, G2,1.025,0.059,0.058,0.863,0.381,0.258,0.882352941,0,PC,,,,,,,,,,,,,,,,,,,,,,,,,,,3869833394179651584,14,99.269,99.85,99.023,101.619,91.976,91.867,91.911,91.867,80.723,71.963,67.875,62.801,G2,0.8949853,0.0,1.025,0.059,0.058,5872,138,4.352,0.15,0.863,0.381,-0.074,0.235,0.4124,0.2427,0.0,1,LAMOST,LAMOST J103631.55+091429.8,20171230HIP518020109218_v2.9.7,159.13147,9.241623,5792.41,4.349,-0.084,2.94,7.604,0.096,-0.013,0.05,0.014,0.061,-0.008,27.09,0.034,0.033,0.109,0.089,0.035,0.036,0.04,0.029,0.023,0.082,0.065,0.022,0.083,,,,,,,,,,,,,,,,,,,,,,,,,,,,,,
69,248758353,248758353.01,14,3075.961284,0.001110839,0.001406128,0.055123015,0.002348173,0.001221064,0.722924415,0.147337664,0.049585847,33.58997859,0.000767521,0.000768261,5.333217849,0.386768963,0.357191007,39.86808553,3.122781687,7.113700971,0.206125606,5511,138,4.439,0.15,-0.162,0.235, G4,0.886,0.056,0.052,0.784,0.34,0.241,0.862745098,0,PC,,,,,,,,,,,,,,,,,,,,,,,,,,,3867810120985878272,14,96.94,85.366,78.172,70.974,69.861,59.166,54.834,51.825,52.276,48.364,47.789,46.343,G4,0.9039237,0.0,0.886,0.056,0.052,5511,138,4.439,0.15,0.784,0.34,-0.162,0.235,0.4498,0.2237,0.0,1,LAMOST,LAMOST J105645.48+094026.2,20200108TD104903N100928K0106186_v2.9.7,164.18954,9.6739628,5432.91,4.466,0.041,2.916,5.43,0.008,-0.014,0.005,-0.05,0.014,0.032,26.7,0.027,0.033,0.109,0.088,0.029,0.049,0.034,0.027,0.023,0.082,0.06,0.021,0.083,,,,,,,,,,,,,,,,,,,,,,,,,,,,,,
88,248777106,248777106.01,14,3080.807535,0.001506044,0.001780733,0.04084105,0.003273698,0.001985496,0.762922207,0.387714758,0.083041186,11.81365825,0.000480577,0.000471935,7.79580497,0.772931761,0.616402768,10.80738993,1.839690659,4.507560826,0.246532186,5586,138,3.954,0.15,0.231,0.235,G6,1.748,0.109,0.102,1.003,0.439,0.309,0.87037037,0,KP,2M10184106+1007445,5530.663,16.900146,3.9591184,0.012934101,0.47189,0.0035286814,1.5022423,-0.033134997,0.015130091,0.019394606,0.02539709,0.38607362,0.04915928,-0.014610499,0.008947696,0.23212603,0.011603566,0.12713501,0.00931032,-0.2002975,0.029546339,-0.113747,0.0068229707,-0.08403599,0.033377744,3877070590167177344,14,3280.875,2373.466,2552.776,2387.355,2139.168,2051.722,1921.921,1899.492,1678.466,1586.798,1587.87,1485.685,K3,,0.0,1.748,0.109,0.102,5586,138,3.954,0.15,1.003,0.439,0.231,0.235,0.6106,0.1196,0.0,1,APOGEE,,,,,,,,,,,,,,,,,,,,,,,,,,,,,,,,,,,,,,,,,,,,,,,,,,,,,,,,,,,
70,248779118,248779118.01,14,3077.345827,0.000608181,0.000592845,0.026457893,0.000835961,0.000915414,0.625219425,0.14459419,0.106904203,5.777216293,8.62e-05,9.75e-05,3.195457319,0.210677263,0.227959974,11.6036917,1.45907925,1.418850497,0.129119954,5690,138,4.26,0.15,0.066,0.235, F9,1.106,0.069,0.064,0.807,0.362,0.243,0.865384615,0,LPPC,,,,,,,,,,,,,,,,,,,,,,,,,,,3870186234332678144,14,108.895,90.373,92.285,101.047,90.174,76.588,83.26,69.358,58.565,57.88,54.34,51.064,F9,1.0347962,0.0,1.106,0.069,0.064,5690,138,4.26,0.15,0.807,0.362,0.066,0.235,0.4096,0.2602,0.0,1,LAMOST,LAMOST J103743.75+101045.1,20171230HIP518020112098_v2.9.7,159.4323,10.179208,5537.53,4.323,-0.13,2.916,17.115,0.081,0.065,0.084,0.004,0.059,0.085,27.35,0.029,0.034,0.11,0.088,0.03,0.048,0.035,0.026,0.024,0.082,0.065,0.021,0.083,,,,,,,,,,,,,,,,,,,,,,,,,,,,,,
71,248865761,248865761.01,14,3085.120746,0.006263261,0.008524554,0.016794202,0.000641961,0.000637261,0.304949655,0.211232607,0.20902802,13.07104051,0.002160043,0.001912759,2.285072866,0.158318757,0.168844651,18.59471773,1.6265659,1.061843582,0.217137128,5937,138,4.214,0.15,-0.148,0.235, G0,1.246,0.079,0.072,0.935,0.403,0.28,0.722222222,0,PC,,,,,,,,,,,,,,,,,,,,,,,,,,,3872414227143308928,14,138.072,118.73,107.054,100.059,91.682,84.216,77.886,71.164,68.787,66.074,66.006,63.896,G0,1.0606853,0.0,1.246,0.079,0.072,5937,138,4.214,0.15,0.935,0.403,-0.148,0.235,0.3469,0.291,0.0,1,LAMOST,LAMOST J104553.57+121805.6,20181219TD104037N120443K0109240_v2.9.7,161.47321,12.301571,5730.13,4.211,-0.238,2.365,23.137,-0.002,0.025,0.066,0.071,0.062,0.04,28.47,0.035,0.038,0.114,0.089,0.035,0.041,0.046,0.028,0.027,0.082,0.064,0.025,0.084,,,,,,,,,,,,,,,,,,,,,,,,,,,,,,
88,249199968,249199968.01,15,3157.443633,0.020743566,0.017695793,0.013924423,0.000276114,0.00041275,0.277466863,0.197033607,0.260642772,15.13217861,0.005374794,0.005801851,4.14957274,0.246766526,0.28489367,4.912004221,0.559082609,0.227910676,0.9626999,5935,138,3.868,0.15,-0.094,0.235, F8,2.729,0.169,0.153,1.993,0.889,0.593,0.764705882,0,LPPC,,,,,,,,,,,,,,,,,,,,,,,,,,,6237731160335752192,15,104.458,94.176,96.849,83.602,88.773,72.44,65.302,63.456,60.541,53.643,54.438,51.806,F8,0.9622791,0.0,2.729,0.169,0.153,5935,138,3.868,0.15,1.993,0.889,-0.094,0.235,0.3469,0.291,0.0,1,GALAH,,,,,,,,,,,,,,,,,,,,,,,,,,,,,,15345493-2540340,6.237731160335752e+18,6266.1997,76.48658178160242,3.7331107,0.18011148102359198,0.12825918,0.05637742255469538,-0.013074936515132338,0.021638517119627054,1.9626404762268068,0.06114801879546228,-0.05023832321166921,0.09065067030510106,-0.08562757492065387,0.09028521944360218,0.04651731491088906,0.032393208065808976,-0.07170686721801722,0.042417909169921976,-0.081823024749756,0.04529155927534041,0.054219498930973616,0.05558760842249435,-0.04470273971557592,0.03770903899456622,0.13940174102783232,0.04993404920883607,0.015601346262581054,0.05010753718947431
89,249217834,249217834.01,15,3159.212171,0.003136094,0.002464529,0.021954291,0.000716915,0.000796124,0.244594011,0.171373291,0.214912728,6.695687201,0.00042696,0.0005684,2.169654762,0.147579159,0.163955582,15.07673634,1.132487876,0.650303888,0.140369907,5320,138,4.461,0.15,0.125,0.235, G7,0.905,0.06,0.054,0.869,0.379,0.271,0.92,0,PC,,,,,,,,,,,,,,,,,,,,,,,,,,,6237981127433454464,15,181.975,186.884,176.608,173.986,169.232,157.453,155.994,142.61,132.303,136.312,125.557,130.43,G7,1.011017,0.0,0.905,0.06,0.054,5320,138,4.461,0.15,0.869,0.379,0.125,0.235,0.5167,0.1914,0.0,1,GALAH,,,,,,,,,,,,,,,,,,,,,,,,,,,,,,15324859-2526368,6.237981127433455e+18,5275.9556,129.23922967777884,4.3915086,0.19535865848752162,0.07088709,0.11512968917302004,0.06453423813247298,0.07987009459068511,0.17743546962738033,0.12845123757090232,0.6004069328308113,0.1806584336080642,-0.017319698333739808,0.21361991344696912,0.023354949951172266,0.11469696926792519,0.14043321609497106,0.19114604766307097,0.009755458831786967,0.11848910024790985,-0.1175027747681505,0.2128071237523015,0.09895875930786158,0.11281750435044892,,,-0.1356538000496889,0.18967784101652363
91,249239123,249239123.01,15,3158.898239,0.001218639,0.001281388,0.182357264,0.001760322,0.002109936,0.316818642,0.157777062,0.103543269,5.11683394,0.000144212,0.000141725,31.68224045,1.661293506,1.712422676,9.012459612,0.378915262,0.354812234,0.206414791,6983,138,4.06,0.15,-0.123,0.235, AIII,1.591,0.084,0.082,1.061,0.463,0.316,0.98,0,PC,,,,,,,,,,,,,,,,,,,,,,,,,,,6238897432936164736,15,15186.44,14890.988,15556.118,16057.477,15668.61,15456.662,15641.925,15430.752,14499.726,15932.551,14976.195,13854.59,AIII,0.9607638,0.0,1.591,0.084,0.082,6983,138,4.06,0.15,1.061,0.463,-0.123,0.235,0.2559,0.3269,0.0,1,GALAH,,,,,,,,,,,,,,,,,,,,,,,,,,,,,,15250532-2509557,6.238897432936164e+18,7016.671,88.98263959685787,4.1926727,0.18084988436378974,-0.09657478,0.10518457325237922,0.08757259213335358,0.04394710585539944,2.1155368804931642,0.0964483423356054,-0.24833602905273366,0.1392533100473324,0.10302494049072308,0.14767256933927558,0.12997621536254922,0.06324653357932876,-0.02674636840820277,0.09109024491185097,0.00038990020751938914,0.07937876871673762,-0.237637538848656,0.11914241044461048,0.10197141647338892,0.0677026067167664,0.11029178619384794,0.08534528776898334,0.26742532730102564,0.15467921648804167
92,249373875,249373875.01,15,3159.146089,0.004514093,0.006693072,0.014861793,0.000637252,0.000636867,0.532794576,0.21908636,0.13963068,7.522109422,0.000816719,0.000509324,2.249350205,0.156573887,0.163008287,12.42240275,1.387576501,1.356437232,0.166619493,6356,138,4.184,0.15,-0.097,0.235, F5,1.386,0.081,0.076,1.067,0.47,0.32,0.862745098,0,PC,,,,,,,,,,,,,,,,,,,,,,,,,,,6251311503331750016,15,97.134,97.123,90.116,97.548,95.814,81.07,86.923,84.728,82.65,73.975,70.493,77.576,F5,1.228953,0.0,1.386,0.081,0.076,6356,138,4.184,0.15,1.067,0.47,-0.097,0.235,0.3448,0.2668,0.0,1,GALAH,,,,,,,,,,,,,,,,,,,,,,,,,,,,,,15195488-2324088,6.25131150333175e+18,6229.6045,91.54227906215286,4.2209587,0.1833230863052468,0.0063433647,0.09178562619343318,0.024849352502820415,0.04308669198886478,1.183180284500122,0.0989823469044087,-0.1450860023498528,0.1426063277270113,-0.07101919174194293,0.1524512340033272,0.13893884658813516,0.06645782646113425,-0.08221540451049769,0.09680059152515696,0.06105598449707017,0.08221448222483446,0.1152646427163508,0.1253216340396593,0.06522253036499048,0.07064103666415675,0.07637435913085966,0.08835761287965374,-0.006704786098752187,0.09831573958365916
93,249378363,249378363.01,15,3170.085249,0.000447455,0.000471569,0.07473796,0.000631901,0.00052966,0.833321436,0.009908717,0.008083942,14.86861199,0.000186087,0.000222089,13.06637776,0.71858347,0.764636623,19.61558042,0.43123193,0.522175929,0.1637893,6940,138,4.11,0.15,-0.158,0.235, AIII,1.601,0.093,0.087,1.199,0.539,0.358,0.96,0,LPPC,,,,,,,,,,,,,,,,,,,,,,,,,,,6239511200943044480,15,181.456,174.258,148.921,165.179,156.568,146.29,137.87,152.086,152.487,128.931,127.755,131.038,AIII,1.096677,0.0,1.601,0.093,0.087,6940,138,4.11,0.15,1.199,0.539,-0.158,0.235,0.2888,0.2834,0.0,1,GALAH,,,,,,,,,,,,,,,,,,,,,,,,,,,,,,15315946-2320348,6.239511200943045e+18,6489.8604,85.95364048757979,4.0753403,0.18475377620004596,-0.29219198,0.1306798136296065,0.007101013112422082,0.049018858770364014,1.9028112411499023,0.0838529452437432,0.2761948585510261,0.12235345204417636,0.24268720626831097,0.12515489244503594,0.1339110755920414,0.06916286796331406,-0.17229900360107386,0.10268093645572662,0.41826375961303697,0.06860307604074478,,,0.04807737350463892,0.06797808408737183,0.0847576332092288,0.09762535244226456,,
94,249401470,249401470.01,15,3157.965398,0.001282413,0.001359065,0.049773751,0.005847082,0.00901632,0.974410319,0.014344337,0.015515869,8.913296526,0.000255428,0.000235911,6.271643224,0.823091758,1.202587566,11.71645476,0.764904121,1.062157692,0.094597153,5533,138,4.399,0.15,0.098,0.235, G8,1.145,0.072,0.067,1.205,0.509,0.368,0.901960784,0,LPPC,,,,,,,,,,,,,,,,,,,,,,,,,,,6231306537797907584,15,131.941,121.02,111.141,114.209,113.257,101.987,100.931,96.913,94.395,90.932,93.131,94.569,G8,1.171182,1.0,1.145,0.072,0.067,5533,138,4.399,0.15,1.205,0.509,0.098,0.235,0.4603,0.2291,4.519958,1,GALAH,,,,,,,,,,,,,,,,,,,,,,,,,,,,,,15055719-2302105,6.231306537797907e+18,5694.0234,104.56707094612428,4.239968,0.18494101485976447,-0.1371088,0.09248776731601331,0.11010498751998363,0.0500894687498787,0.8061276197433471,0.10378764183540874,0.3475015640258796,0.1489256747140149,0.06475399017334027,0.16173209669378064,0.1213225746154789,0.07294124823030251,0.0985845565795902,0.10859185465243587,0.018759574890136577,0.08772096980838955,0.15139045064867943,0.13762941901360679,0.09379413604736353,0.07650922697468882,0.13910705566406278,0.09422880330060514,0.09407228460366525,0.10815088950832823
95,249404856,249404856.01,15,3159.347054,0.027448922,0.019943645,0.015644967,0.000326532,0.000323379,0.189438535,0.130035494,0.184864251,13.23479138,0.005654942,0.007049131,3.035880814,0.204809042,0.225862741,5.131133752,0.364956664,0.23160523,0.824484981,6747,138,4.11,0.15,-0.169,0.235, AV,1.777,0.127,0.114,1.488,0.683,0.462,0.96,0,LPPC,,,,,,,,,,,,,,,,,,,,,,,,,,,6239433131319011328,15,112.542,99.184,94.384,93.924,84.893,85.776,69.582,68.132,67.93,65.066,63.337,60.209,AV,1.0659657,0.0,1.777,0.127,0.114,6747,138,4.11,0.15,1.488,0.683,-0.169,0.235,0.3051,0.2771,0.0,1,GALAH,,,,,,,,,,,,,,,,,,,,,,,,,,,,,,15372596-2259267,6.239433131319011e+18,6403.424,95.12101792385049,4.004773,0.19608253036030598,-0.11206293,0.10969406725893559,0.08973261800789012,0.0506540336027358,1.3266772747039794,0.10625160530555615,0.004373836517334695,0.1521470313103749,0.007132511138916442,0.16660001033711183,0.0515283966064457,0.07646853271665045,-0.20672330856323207,0.11514357169415387,-0.12312665939331069,0.09060874516472497,-0.04934731511496498,0.1442389246568756,0.15141132354736353,0.07966923171617947,0.16914350509643583,0.09731867500051763,0.17294273153390372,0.13978850220460368
96,249421240,249421240.01,15,3170.190134,0.007959055,0.005061105,0.026363617,0.000515985,0.000504877,0.156423692,0.108578937,0.149125422,17.92170202,0.001516109,0.001235515,3.814551744,0.209518488,0.214355113,15.78626096,0.576026614,0.802711988,0.366815245,6362,138,4.209,0.15,-0.032,0.235, F3,1.325,0.07,0.068,1.031,0.44,0.304,0.66,0,FP,,,,,,,,,,,,,,,,,,,,,,,,,,,6251276142859256192,15,225.79,275.355,253.724,252.217,269.772,235.724,226.959,195.471,202.064,208.61,211.348,190.335,F3,1.0910034,0.0,1.325,0.07,0.068,6362,138,4.209,0.15,1.031,0.44,-0.032,0.235,0.3201,0.305,0.0,1,GALAH,,,,,,,,,,,,,,,,,,,,,,,,,,,,,,15253400-2246090,6.251276142859256e+18,6254.155,71.99514148639132,4.238916,0.1777559674775883,0.110182285,0.047937909985441736,0.03057793569877896,0.015573846632680693,1.3513409614562988,0.0385947570802149,0.1061652183532722,0.05659192008775335,-0.019418735504149964,0.06455701900441432,0.21341747283935586,0.024516887987370818,-0.06417379379272425,0.03340038283700015,0.033349838256835795,0.02997339022981771,0.011114839111359838,0.03645210147828181,0.05217626571655298,0.028751480798838196,0.11524946212768583,0.03486554505265841,0.021495166696973843,0.028937274960763253
97,249649721,249649721.01,15,3164.208055,0.004509025,0.00467149,0.029960253,0.001030423,0.001328869,0.395733949,0.241806119,0.199788702,24.48128536,0.002196637,0.002246974,2.489732977,0.178868241,0.211125042,48.81402955,5.766807394,3.611758828,0.151810731,4861,138,4.674,0.15,-0.028,0.235, K3,0.761,0.055,0.048,1.001,0.443,0.308,0.9,0,PC,,,,,,,,,,,,,,,,,,,,,,,,,,,6241916485707527552,15,198.857,183.947,154.541,144.204,135.01,117.193,106.013,101.653,89.526,85.517,78.238,77.041,K3,1.00021,0.0,0.761,0.055,0.048,4861,138,4.674,0.15,1.001,0.443,-0.028,0.235,0.5994,0.1357,0.0,1,GALAH,,,,,,,,,,,,,,,,,,,,,,,,,,,,,,15460465-1952538,6.241916485707527e+18,4852.506,128.27418993239638,4.537726,0.19807196120116136,0.054555893,0.12122376365985661,0.08975383289262844,0.06900338624141238,-0.330513346195221,0.1338173328750741,,,0.2151484298706059,0.2257982642625343,-0.03409629821777305,0.125743973891481,0.09138622283935582,0.21451423841588135,0.15970024108886705,0.12570691791505548,-0.08237930297851559,0.2987864900865901,0.11502483367919947,0.1221091833759111,0.027545757293701456,0.1353684176914309,0.11472716517083276,0.1224895048500699
98,249731291,249731291.01,15,3160.919413,0.002873288,0.002797784,0.024527645,0.000339668,0.000371127,0.18715401,0.126540761,0.190183893,10.2053773,0.000562016,0.000566227,6.310354773,0.405924126,0.428604092,9.996877562,0.538226337,0.209902543,0.327873526,6332,138,4.062,0.15,-0.069,0.235, F7,2.356,0.156,0.148,2.312,1.014,0.71,0.769230769,0,PC,,,,,,,,,,,,,,,,,,,,,,,,,,,6257273914366076288,15,115.709,94.91,99.116,91.283,93.811,86.861,81.858,81.724,76.51,76.417,69.034,77.116,F7,0.97356963,0.0,2.356,0.156,0.148,6332,138,4.062,0.15,2.312,1.014,-0.069,0.235,0.3448,0.2668,0.0,1,GALAH,,,,,,,,,,,,,,,,,,,,,,,,,,,,,,15100232-1848453,6.257273914366076e+18,6213.547,90.4735512368956,3.841528,0.1913085753209504,0.09259081,0.08858621705054123,-0.03514942644489743,0.05852398432870872,0.8569702625274658,0.10790414862854707,-0.09743852615356374,0.15430063304535396,-0.11630918502807575,0.16990556263476977,0.15475934982299844,0.07891223771579177,-0.0466485977172848,0.1197355084637648,-0.11707798004150405,0.09256952378477222,0.08585817110317517,0.14878482950913005,-0.01734182357788061,0.0818462012695971,0.22290117263793974,0.09942071461652806,-0.060600429225420825,0.11709414944708403
100,249827330,249827330.01,15,3171.309958,0.001804143,0.00204825,0.054928327,0.001642486,0.001480108,0.918708183,0.01514904,0.009871288,31.39600134,0.001587174,0.002111465,10.69474301,0.727823004,0.747568872,26.72583257,1.329973695,1.95290733,0.193898623,5631,138,3.916,0.15,-0.201,0.235, G3,1.783,0.115,0.109,0.949,0.423,0.289,0.92,0,PC,,,,,,,,,,,,,,,,,,,,,,,,,,,6259159267569807872,15,163.246,129.812,118.925,127.189,118.82,139.424,125.51,126.481,136.997,142.416,140.104,139.108,G3,1.0417284,0.0,1.783,0.115,0.109,5631,138,3.916,0.15,0.949,0.423,-0.201,0.235,0.3819,0.2736,0.0,1,GALAH,,,,,,,,,,,,,,,,,,,,,,,,,,,,,,15140713-1732334,6.259159267569807e+18,5509.1763,103.34322400442439,3.9196033,0.18887207251111798,-0.14840603,0.09186791315181544,0.08102359812581031,0.04895695250013468,0.6536476135253906,0.12102773040533066,0.23883037567138743,0.15296425864316096,0.26562068939209027,0.16784955380212463,-0.039682445526122656,0.07738771126911552,0.057231330871582387,0.1168658201445503,0.05151304244995103,0.09134996117724666,0.10222366148821758,0.14595193264805087,0.0828798103332522,0.08048922388779234,0.10416967391967802,0.09811291316146468,0.01315446723541135,0.09434704841554596
101,249865296,249865296.01,15,3175.397605,0.001940617,0.00176554,0.042001546,0.000650322,0.000959325,0.426464376,0.222833977,0.155399242,28.88858894,0.001484254,0.001505436,6.049684278,0.378692762,0.426614807,33.97835477,3.417419499,2.75960376,0.257329676,6117,138,4.212,0.15,-0.197,0.235, F2,1.319,0.088,0.08,1.03,0.469,0.314,0.882352941,0,PC,,,,,,,,,,,,,,,,,,,,,,,,,,,6261453192427908864,15,111.576,85.737,78.022,70.83,64.134,55.584,50.386,45.396,39.62,39.346,36.954,37.136,F2,1.1388736,0.0,1.319,0.088,0.08,6117,138,4.212,0.15,1.03,0.469,-0.197,0.235,0.3434,0.2918,0.0,1,GALAH,,,,,,,,,,,,,,,,,,,,,,,,,,,,,,15381017-1703494,6.261453192427909e+18,5938.338,113.61313889664817,4.1948996,0.19581125754786813,0.060468674,0.12673755142619333,-0.015342388803635643,0.07394769020301228,1.3251602172851562,0.1318787772972586,0.03401927947998118,0.18498685022544448,0.008095245361328551,0.22136363500149284,0.18151325225830117,0.12166963605298194,-0.05392513275146449,0.20583220233496066,-0.09156003952026381,0.12307875836776017,0.26562079103500374,0.22482316811172762,-0.08903142929077124,0.11869446175408026,-0.03415124893188448,0.13249158996684607,0.21492708060697435,0.17867784912968743
102,249893012,249893012.01,15,3165.84143,0.004428358,0.004033786,0.019670853,0.00073373,0.000777787,0.689006498,0.132989325,0.08906369,15.62518496,0.001425655,0.001485792,3.709694694,0.262780743,0.281771867,14.20155427,1.826952522,1.96120968,0.263369888,5498,138,3.85,0.15,-0.234,0.235, G6,1.727,0.112,0.104,0.765,0.347,0.23,0.884615385,0,KP,,,,,,,,,,,,,,,,,,,,,,,,,,,6259263137059042048,15,68.752,56.075,53.966,52.918,49.784,51.007,48.47,46.647,44.778,44.152,40.404,41.526,G6,0.8436283,0.0,1.727,0.112,0.104,5498,138,3.85,0.15,0.765,0.347,-0.234,0.235,0.4455,0.2261,0.0,1,GALAH,,,,,,,,,,,,,,,,,,,,,,,,,,,,,,15125956-1643282,6.259263137059042e+18,5526.462,84.63920192515886,4.0030346,0.17959284595942818,0.18637562,0.06467764391130329,0.011145291785339953,0.029719728505547986,,,-0.004474830627440696,0.12163228653020343,-0.08525802612304645,0.12425314769559301,-0.008200225830077734,0.04883531971795525,0.035812282562256215,0.06671500655264506,0.12242063522338853,0.06547630248347855,0.12569313945778052,0.09059443657577981,-0.04192039489746069,0.05418847733514559,0.024440116882324503,0.07070241697454081,0.03804728557026171,0.052207280908455236
103,250106132,250106132.01,15,3157.325689,0.001066159,0.001164667,0.035108542,0.001161373,0.001121386,0.558556047,0.22592698,0.116983728,22.12236529,0.001327638,0.001429923,3.71500335,0.250713488,0.262245804,36.70294245,4.081207814,4.817538994,0.167215085,5393,138,4.517,0.15,0.119,0.235, G7,0.969,0.061,0.057,1.122,0.497,0.336,0.9,0,PC,,,,,,,,,,,,,,,,,,,,,,,,,,,6266769537305193856,15,93.727,99.25,84.597,86.46,81.573,65.527,67.454,61.369,53.908,49.1,51.512,45.122,G7,0.9014171,0.0,0.969,0.061,0.057,5393,138,4.517,0.15,1.122,0.497,0.119,0.235,0.4603,0.2291,0.0,1,GALAH,,,,,,,,,,,,,,,,,,,,,,,,,,,,,,15454702-1412272,6.266769537305193e+18,5549.9917,76.52066546141823,4.429606,0.17878748510812525,0.16389656,0.05085372650425511,0.003150156165094183,0.01814829696384542,0.11892719268798824,0.07892617583274841,,,-0.16316940307617145,0.08551583297345783,-0.013032970428466406,0.030583594840760293,0.048564338684082387,0.040105774708583425,0.04880174636840806,0.042454655029318764,-0.01458081396984868,0.05145421421859648,-0.01975414276123022,0.035764980944613674,0.011716670989990519,0.04708121833939584,-0.008861772564332036,0.02909183416925732
104,250143219,250143219.01,15,3167.400816,0.001154577,0.001193898,0.031787514,0.000821725,0.001077555,0.451963731,0.229542592,0.155131034,12.09950218,0.000324206,0.000338921,2.839438761,0.188442914,0.213807235,29.41778684,3.054865473,2.681543413,0.12145298,5167,138,4.602,0.15,0.112,0.235, G8,0.818,0.055,0.05,0.979,0.439,0.306,0.98,0,FP,,,,,,,,,,,,,,,,,,,,,,,,,,,6266869730302437888,15,125.16,130.589,126.884,123.357,103.869,109.412,113.601,113.622,104.448,102.037,98.227,102.95,G8,1.0237846,0.0,0.818,0.055,0.05,5167,138,4.602,0.15,0.979,0.439,0.112,0.235,0.5167,0.1914,0.0,1,GALAH,,,,,,,,,,,,,,,,,,,,,,,,,,,,,,15444007-1342285,6.266869730302437e+18,5225.565,97.81317123441755,4.510773,0.18437599838463892,0.03438902,0.07625528867696169,0.04607602358933302,0.037540924923739706,,,,,-0.1334238243103023,0.15094071288509472,-0.06308465957641562,0.0654332643313324,0.03215827941894567,0.09496892588519834,-0.015826377868652486,0.08131815650598304,-0.0539464725977345,0.12335644351195153,0.030544548034668217,0.0697059705626932,0.13379365921020536,0.08740461143756843,0.020339865843871208,0.061782417457334954
92,251304634,251304634.01,16,3264.366882,0.002829446,0.002385411,0.015195855,0.000700355,0.000860549,0.55095419,0.218737068,0.143123114,4.392502944,0.000271452,0.000354879,1.110130148,0.090519374,0.102779386,15.98695621,1.916292265,1.780290957,0.074609009,4707,138,4.634,0.15,-0.319,0.235, K5,0.669,0.049,0.045,0.705,0.309,0.223,0.82,0,PC,,,,,,,,,,,,,,,,,,,,,,,,,,,632054671545562752,16,101.215,93.673,84.9,86.313,81.296,71.082,69.0,69.53,64.469,62.944,60.313,59.532,K5,1.0157373,0.0,0.669,0.049,0.045,4707,138,4.634,0.15,0.705,0.309,-0.319,0.235,0.6019,0.1263,0.0,1,LAMOST,LAMOST J091712.14+170504.9,20171227HIP456990105055_v2.9.7,139.30062,17.08472,4509.0,4.632,-0.257,2.437,23.277,-0.294,-0.195,0.161,0.068,0.034,-0.017,32.69,0.031,0.048,0.315,0.086,0.031,0.084,0.028,0.03,0.027,0.08,0.067,0.024,0.08,,,,,,,,,,,,,,,,,,,,,,,,,,,,,,
93,251319382,251319382.01,16,3265.711811,0.003589261,0.005044647,0.019356018,0.000304608,0.000365286,0.228057889,0.161217237,0.212171281,8.236827293,0.000778865,0.000526679,1.967833441,0.114190603,0.126073316,17.22176624,1.342012105,0.671094737,0.151338333,5737,138,4.428,0.15,-0.209,0.235, G3,0.931,0.057,0.052,0.847,0.375,0.251,0.862745098,0,KP,,,,,,,,,,,,,,,,,,,,,,,,,,,632634358985725184,16,67.643,67.34,64.415,56.91,56.766,52.733,55.661,50.074,50.864,49.953,53.832,49.087,G3,1.2807295,0.0,0.931,0.057,0.052,5737,138,4.428,0.15,0.847,0.375,-0.209,0.235,0.3858,0.2711,0.0,1,LAMOST,LAMOST J092146.83+182810.6,20181218NT091939N203247M0101117_v2.9.7,140.44515,18.469628,5610.47,4.411,-0.061,2.778,5.232,0.046,-0.036,0.046,0.018,0.073,0.002,27.16,0.032,0.034,0.11,0.088,0.033,0.037,0.035,0.026,0.023,0.082,0.06,0.022,0.083,,,,,,,,,,,,,,,,,,,,,,,,,,,,,,
95,251399501,251399501.01,16,3272.15823,0.004622735,0.004291233,0.02176662,0.000580863,0.000563997,0.350542524,0.179900933,0.125610784,11.63498826,0.001240284,0.001269915,2.605098735,0.096241108,0.096476933,19.33733815,1.01100684,0.920710778,0.183889782,6020,37,4.306,0.06,-0.278,0.035, F2,1.096,0.029,0.028,0.89,0.141,0.123,0.75,0,PC,,,,,,,,,,,,,,,,,,,,,,,,,,,688307889740478080,16,132.375,118.661,105.843,100.803,81.366,80.252,81.928,77.016,70.467,74.323,72.501,69.922,F2,1.2505213,0.0,1.096,0.029,0.028,6020,37,4.306,0.06,0.89,0.141,-0.278,0.035,0.3342,0.2965,0.0,1,LAMOST,LAMOST J090105.52+244526.4,20181125TD085754N225914K0112133_v2.9.7,135.273,24.757339,5870.52,4.253,-0.117,1.777,1.256,0.097,0.009,0.115,0.062,0.035,0.029,34.24,0.039,0.049,0.124,0.092,0.041,0.051,0.042,0.034,0.03,0.192,0.069,0.026,0.085,,,,,,,,,,,,,,,,,,,,,,,,,,,,,,
